Workbook
Name CARBON_FRACTION_OM: '7. Settings'!$B$5
Name CO2E_FACTOR: '7. Settings'!$B$7
Name LORCA_MAX: '7. Settings'!$B$18
Name LORCA_MIN: '7. Settings'!$B$17
Name OM_FACTOR_IS_LOCAL: '7. Settings'!$B$6
Name PEATLAND_MIN_DEPTH_CM: '7. Settings'!$B$9
Name PLOT_AREA_M2: '7. Settings'!$B$10
Name QC_BD_MAX: '7. Settings'!$B$14
Name QC_BD_MIN: '7. Settings'!$B$13
Name QC_CARBON_PCT_MAX: '7. Settings'!$B$15
Name QC_RECOVERY_MIN: '7. Settings'!$B$16
Name REFERENCE_DEPTH_CM: '7. Settings'!$B$8
Name TARGET_CONFIDENCE: '7. Settings'!$B$12
Name TARGET_MARGIN: '7. Settings'!$B$11

Sheet 0. Instructions
A1: SIMULATED COMMUNITY SOIL CARBON EXAMPLE
B2: Western James Bay conceptual 350 km2 example; four simulated cores
A4: What this workbook does | B4: SIMULATED data only. Two wetland peat cores and two shallow forest soil profiles. Field date, positions, ecosystems and laboratory results are constructed. No vegetation stock or accumulation rate is supplied.
A6: COLOUR KEY
A7: Yellow | B7: TYPE HERE — field measurements you record.
A8: Blue | B8: TYPE HERE — lab results, once they come back.
A9: Grey | B9: Calculated for you. Do not type in grey cells.
A10: Green | B10: Summary output.
A11: Red | B11: A quality-control flag. Read it before trusting the row.
A13: ORDER OF WORK
A14: 1 | B14: Fill '1. Plot & Site Log' FIRST — one row per plot. Everything joins to it on Plot ID.
A15: 2 | B15: Fill '2. Core Log' — one row per core. Everything in the peat sheet joins to it on Core ID.
A16: 3 | B16: Fill '3. Peat Data' — one row per section, as the core is sectioned.
A17: 4 | B17: Add lab results (blue columns) to '3. Peat Data' when they return.
A18: 5 | B18: OPTIONAL: if the core has been dated, fill '4. Chronology' to get accumulation rates.
A19: 6 | B19: Read '5. Plot Summary' and '6. Site Summary'. Both calculate themselves.
A21: ⚠ IDs MUST MATCH | B21: Plot ID joins the Core Log to the Plot & Site Log; Core ID joins the Peat Data and the Chronology to the Core Log. A mismatch means that row's carbon never reaches the summary. Every sheet has a QC flags column that tells you when this happens.
A23: UNITS
A24: Depths | B24: centimetres (cm), measured down from the peat surface
A25: Bulk density | B25: g/cm³ — oven-dry mass ÷ sample volume (see the basis note on '3. Peat Data')
A26: Carbon content | B26: per cent of dry mass (%)
A27: Carbon stock | B27: kg C/m² at core, plot and site level; kg C for totals
A28: Accumulation rate | B28: g C/m²/yr — note the unit change: 1 kg C/m² per 1,000 yr = 1 g C/m²/yr
A29: Age | B29: years before the year the core was taken
A31: TWO STOCK NUMBERS, AND WHY
A32: Full profile | B32: Sampled profile: wetland peat to its constructed mineral contact; forest organic mat plus mineral soil to 45 or 60 cm. Deeper forest carbon is unknown.
A33: To reference depth | B33: Reference window is 0 to 100 cm below ground surface. Forest values cover only the sampled portion of that window and are not complete 1 m stocks.
A34: Why both | B34: Bansal et al. (2023) found 65% of wetland organic carbon sat between 30 and 120 cm. Report only a shallow fixed depth and you miss most of the store; report only full profiles and cores of different depths cannot be compared. So the workbook gives you both.
A36: WHAT'S BEYOND THE PRINTED GUIDE
A37: Uncertainty | B37: Four conceptual cores, one per plot/site. No site area is assigned and no valid AOI uncertainty interval is supplied.
A38: Eq 5 correction | B38: The guide's printed Eq 5 has its right-hand side in g/cm² and its left-hand side in kg/m². This workbook uses the correct form — summing the kg/m² core values — which is also what the guide's own example spreadsheet does.
A39: Carbon fraction | B39: Settable on '7. Settings', defaulting to the guide's 0.5. See 'R1. Reference' for why that is a convention rather than a constant.
A40: Accumulation rates | B40: The guide raises them in its introduction and its glossary but gives no method. '4. Chronology' supplies one — see Part 5 of the workshop.

Sheet 1. Plot & Site Log
A1: PLOT & SITE LOG
A2: SIMULATED locations and field metadata. K identifies Bog/Fen/Other using the original dropdown. Forest identity is in Vegetation zone and Notes. Plot area is a field footprint, not represented landscape area.
A4: Plot ID | B4: Site ID | C4: Study area | D4: Date | E4: Location | F4: Latitude | G4: Longitude | H4: GNSS accuracy (m) | I4: Datum | J4: Elevation (m) | K4: Wetland type | L4: Microform | M4: Vegetation zone | N4: Water table depth (cm) | O4: Plot area (m²) | P4: Notes
A5: PM-01 | B5: PM-01-A | F5: 56.098575 | G5: -87.67978 | I5: WGS84 | K5: Mudflat | O5: 100
A6: PM-02 | B6: PM-02-A | F6: 56.099636 | G6: -87.65064 | I6: WGS84 | K6: Bog | O6: 100
A7: PM-03 | B7: PM-03-A | F7: 56.110356 | G7: -87.67839 | I7: WGS84 | K7: Bog | O7: 100
A8: FS-01 | B8: FS-01 | F8: 55.965999 | G8: -87.6282 | I8: WGS84 | K8: other | O8: 100
A9: FS-02 | B9: FS-02 | F9: 55.992611 | G9: -87.62825 | I9: WGS84 | K9: other
A10: FS-03 | B10: FS-03 | F10: 56.128917 | G10: -87.87181 | I10: WGS84 | K10: other
A11: FS-04 | B11: FS-03 | F11: 56.074278 | G11: -87.79556 | I11: WGS84 | K11: other
A12: FS_05 | B12: FS_05 | F12: 56.079389 | G12: -87.75622 | I12: WGS84 | K12: other

Sheet 2. Core Log
A1: CORE LOG
A2: SIMULATED. Wetland depths are complete peat profiles. Forest profiles include a 4 or 6 cm organic mat plus shallow mineral soil; reaching the organic/mineral contact does not mean the whole soil profile was sampled.
A4: Core ID | B4: Plot ID | C4: Latitude | D4: Longitude | E4: Coring date | F4: Drives taken | G4: Bore depth (cm) | H4: Core length recovered (cm) | I4: Surface compaction (cm) | J4: Recovery ratio | K4: Depth to mineral contact (cm) | L4: Reached mineral contact? | M4: von Post at base | N4: Chamber length (cm) | O4: Chamber diameter (cm) | P4: Photo series? | Q4: Deepest section logged (cm) | R4: Stock over sampled profile (kg C/m²) | S4: Sampled stock in reference window (kg C/m²) | T4: Reaches reference depth? | U4: QC flags | V4: Notes
A5: PM-01-A | B5: PM-01-A | C5: 56.098575 | D5: -87.67978 | F5: 1 | G5: 14.5 | H5: 14.5 | I5: 0 | J5: =IF(OR($G5="",$H5="",$G5=0),"",$H5/$G5) -> 1 | K5: 1 | L5: Yes | P5: No | Q5: =IF($A5="","",IF(SUMPRODUCT(MAX((community_cores_FS!$B$5:$B$597=$A5)*community_cores_FS!$F$5:$F$597))=0,"",SUMPRODUCT(MAX((community_cores_FS!$B$5:$B$597=$A5)*community_cores_FS!$F$5:$F$597)))) -> 14.5 | R5: =IF($A5="","",IFERROR(SUMIFS(community_cores_FS!$P$5:$P$597,community_cores_FS!$B$5:$B$597,$A5),"")) -> 3.0578035 | S5: =IF($A5="","",IFERROR(SUMIFS(community_cores_FS!$Q$5:$Q$597,community_cores_FS!$B$5:$B$597,$A5),"")) -> 3.0578035 | T5: =IF(NOT(ISNUMBER($Q5)),"",IF($Q5>=REFERENCE_DEPTH_CM,"Yes","No")) -> No | V5: SIMULATED bog peat; contact at 220 cm; full organic profile sampled.
A6: PM-02-A | B6: PM-02-A | C6: 56.099636 | D6: -87.65064 | F6: 1 | G6: 20.7 | H6: 20.7 | I6: 0 | J6: =IF(OR($G6="",$H6="",$G6=0),"",$H6/$G6) -> 1 | K6: 20.7 | L6: Yes | P6: No | Q6: =IF($A6="","",IF(SUMPRODUCT(MAX((community_cores_FS!$B$5:$B$597=$A6)*community_cores_FS!$F$5:$F$597))=0,"",SUMPRODUCT(MAX((community_cores_FS!$B$5:$B$597=$A6)*community_cores_FS!$F$5:$F$597)))) -> 20.7 | R6: =IF($A6="","",IFERROR(SUMIFS(community_cores_FS!$P$5:$P$597,community_cores_FS!$B$5:$B$597,$A6),"")) -> 3.0833445 | S6: =IF($A6="","",IFERROR(SUMIFS(community_cores_FS!$Q$5:$Q$597,community_cores_FS!$B$5:$B$597,$A6),"")) -> 3.0833445 | T6: =IF(NOT(ISNUMBER($Q6)),"",IF($Q6>=REFERENCE_DEPTH_CM,"Yes","No")) -> No | V6: SIMULATED fen peat; contact at 160 cm; full organic profile sampled.
A7: PM-03-A | B7: PM-03-A | C7: 56.110356 | D7: -87.67839 | F7: 1 | G7: 30.725 | H7: 30.725 | I7: 0 | J7: =IF(OR($G7="",$H7="",$G7=0),"",$H7/$G7) -> 1 | K7: 30.375 | L7: Yes | P7: No | Q7: =IF($A7="","",IF(SUMPRODUCT(MAX((community_cores_FS!$B$5:$B$597=$A7)*community_cores_FS!$F$5:$F$597))=0,"",SUMPRODUCT(MAX((community_cores_FS!$B$5:$B$597=$A7)*community_cores_FS!$F$5:$F$597)))) -> 30.725 | R7: =IF($A7="","",IFERROR(SUMIFS(community_cores_FS!$P$5:$P$597,community_cores_FS!$B$5:$B$597,$A7),"")) -> 10.108268 | S7: =IF($A7="","",IFERROR(SUMIFS(community_cores_FS!$Q$5:$Q$597,community_cores_FS!$B$5:$B$597,$A7),"")) -> 10.108268 | T7: =IF(NOT(ISNUMBER($Q7)),"",IF($Q7>=REFERENCE_DEPTH_CM,"Yes","No")) -> No | V7: SIMULATED forest: 6 cm organic mat plus mineral soil sampled to 45 cm; deeper stock unknown.
A8: FS-01 | B8: FS-01 | C8: 55.965999 | D8: -87.6282 | F8: 1 | G8: 30 | H8: 30 | I8: 0 | J8: =IF(OR($G8="",$H8="",$G8=0),"",$H8/$G8) -> 1 | K8: 4 | L8: Yes | P8: No | Q8: =IF($A8="","",IF(SUMPRODUCT(MAX((community_cores_FS!$B$5:$B$597=$A8)*community_cores_FS!$F$5:$F$597))=0,"",SUMPRODUCT(MAX((community_cores_FS!$B$5:$B$597=$A8)*community_cores_FS!$F$5:$F$597)))) -> 30 | R8: =IF($A8="","",IFERROR(SUMIFS(community_cores_FS!$P$5:$P$597,community_cores_FS!$B$5:$B$597,$A8),"")) -> 14.263005 | S8: =IF($A8="","",IFERROR(SUMIFS(community_cores_FS!$Q$5:$Q$597,community_cores_FS!$B$5:$B$597,$A8),"")) -> 14.263005 | T8: =IF(NOT(ISNUMBER($Q8)),"",IF($Q8>=REFERENCE_DEPTH_CM,"Yes","No")) -> No | V8: SIMULATED forest: 4 cm organic mat plus mineral soil sampled to 60 cm; deeper stock unknown.
A9: FS-02 | B9: FS-02 | C9: 55.992611 | D9: -87.62825 | F9: 1 | G9: 30 | H9: 30 | J9: =IF(OR($G9="",$H9="",$G9=0),"",$H9/$G9) -> 1 | K9: 1 | L9: yes | P9: no | Q9: =IF($A9="","",IF(SUMPRODUCT(MAX((community_cores_FS!$B$5:$B$597=$A9)*community_cores_FS!$F$5:$F$597))=0,"",SUMPRODUCT(MAX((community_cores_FS!$B$5:$B$597=$A9)*community_cores_FS!$F$5:$F$597)))) -> 30 | R9: =IF($A9="","",IFERROR(SUMIFS(community_cores_FS!$P$5:$P$597,community_cores_FS!$B$5:$B$597,$A9),"")) -> 8.3815614 | S9: =IF($A9="","",IFERROR(SUMIFS(community_cores_FS!$Q$5:$Q$597,community_cores_FS!$B$5:$B$597,$A9),"")) -> 8.3815614 | T9: =IF(NOT(ISNUMBER($Q9)),"",IF($Q9>=REFERENCE_DEPTH_CM,"Yes","No")) -> No
A10: FS-03 | B10: FS-03 | C10: 56.128917 | D10: -87.87181 | F10: 1 | G10: 30 | H10: 30 | J10: =IF(OR($G10="",$H10="",$G10=0),"",$H10/$G10) -> 1 | K10: 1 | L10: yes | P10: no | Q10: =IF($A10="","",IF(SUMPRODUCT(MAX((community_cores_FS!$B$5:$B$597=$A10)*community_cores_FS!$F$5:$F$597))=0,"",SUMPRODUCT(MAX((community_cores_FS!$B$5:$B$597=$A10)*community_cores_FS!$F$5:$F$597)))) -> 30 | R10: =IF($A10="","",IFERROR(SUMIFS(community_cores_FS!$P$5:$P$597,community_cores_FS!$B$5:$B$597,$A10),"")) -> 4.2223031 | S10: =IF($A10="","",IFERROR(SUMIFS(community_cores_FS!$Q$5:$Q$597,community_cores_FS!$B$5:$B$597,$A10),"")) -> 4.2223031 | T10: =IF(NOT(ISNUMBER($Q10)),"",IF($Q10>=REFERENCE_DEPTH_CM,"Yes","No")) -> No
A11: FS-03 | B11: FS-03 | C11: 56.074278 | D11: -87.79556 | F11: 1 | G11: 30 | H11: 30 | J11: =IF(OR($G11="",$H11="",$G11=0),"",$H11/$G11) -> 1 | K11: 1 | L11: yes | P11: no | Q11: =IF($A11="","",IF(SUMPRODUCT(MAX((community_cores_FS!$B$5:$B$597=$A11)*community_cores_FS!$F$5:$F$597))=0,"",SUMPRODUCT(MAX((community_cores_FS!$B$5:$B$597=$A11)*community_cores_FS!$F$5:$F$597)))) -> 30 | R11: =IF($A11="","",IFERROR(SUMIFS(community_cores_FS!$P$5:$P$597,community_cores_FS!$B$5:$B$597,$A11),"")) -> 4.2223031 | S11: =IF($A11="","",IFERROR(SUMIFS(community_cores_FS!$Q$5:$Q$597,community_cores_FS!$B$5:$B$597,$A11),"")) -> 4.2223031 | T11: =IF(NOT(ISNUMBER($Q11)),"",IF($Q11>=REFERENCE_DEPTH_CM,"Yes","No")) -> No
A12: FS-05 | B12: FS-05 | C12: 56.079389 | D12: -87.75622 | F12: 1 | G12: 30 | H12: 30 | J12: =IF(OR($G12="",$H12="",$G12=0),"",$H12/$G12) -> 1 | K12: 1 | L12: yes | P12: no | Q12: =IF($A12="","",IF(SUMPRODUCT(MAX((community_cores_FS!$B$5:$B$597=$A12)*community_cores_FS!$F$5:$F$597))=0,"",SUMPRODUCT(MAX((community_cores_FS!$B$5:$B$597=$A12)*community_cores_FS!$F$5:$F$597)))) -> 30 | R12: =IF($A12="","",IFERROR(SUMIFS(community_cores_FS!$P$5:$P$597,community_cores_FS!$B$5:$B$597,$A12),"")) -> 6.1054498 | S12: =IF($A12="","",IFERROR(SUMIFS(community_cores_FS!$Q$5:$Q$597,community_cores_FS!$B$5:$B$597,$A12),"")) -> 6.1054498 | T12: =IF(NOT(ISNUMBER($Q12)),"",IF($Q12>=REFERENCE_DEPTH_CM,"Yes","No")) -> No
J13: =IF(OR($G13="",$H13="",$G13=0),"",$H13/$G13) | Q13: =IF($A13="","",IF(SUMPRODUCT(MAX((community_cores_FS!$B$5:$B$597=$A13)*community_cores_FS!$F$5:$F$597))=0,"",SUMPRODUCT(MAX((community_cores_FS!$B$5:$B$597=$A13)*community_cores_FS!$F$5:$F$597)))) | R13: =IF($A13="","",IFERROR(SUMIFS(community_cores_FS!$P$5:$P$597,community_cores_FS!$B$5:$B$597,$A13),"")) | S13: =IF($A13="","",IFERROR(SUMIFS(community_cores_FS!$Q$5:$Q$597,community_cores_FS!$B$5:$B$597,$A13),"")) | T13: =IF(NOT(ISNUMBER($Q13)),"",IF($Q13>=REFERENCE_DEPTH_CM,"Yes","No")) | U13: =IF($A13="","",IF(AND($B13<>"",COUNTIF('1. Plot & Site Log'!$A$5:$A$64,$B13)=0),"Plot ID not in Plot & Site Log. ","")&IF(NOT(ISNUMBER($Q13)),"No peat sections logged for this core. ","")&IF($T13="No","Core stops short of the reference depth, so its reference-depth stock is an underestimate. Its full-profile stock is still valid. ","")&IF($L13="No","Core did not reach the mineral contact — the full-profile stock is a MINIMUM, not the whole store. ","")&IF(AND(ISNUMBER($K13),$K13<PEATLAND_MIN_DEPTH_CM),"Organic depth under "&PEATLAND_MIN_DEPTH_CM&" cm: by the guide's definition this is not peatland. Report it, but say so. ","")&IF(AND(ISNUMBER($J13),$J13<QC_RECOVERY_MIN),"Recovered only "&TEXT($J13,"0%")&" of the bore depth — the chamber probably did not fill completely. Material is missing, which is not the same as compaction. ","")&IF(AND(ISNUMBER($J13),$J13>1.05),"Recovered more than the bore depth — check the two measurements. ","")&IF(AND(ISNUMBER($I13),$I13>2),"Surface compaction of "&$I13&" cm: depths in this core sit shallower than in the ground, so depth-limited stock is biased. Full-profile stock is unaffected. ",""))
J14: =IF(OR($G14="",$H14="",$G14=0),"",$H14/$G14) | Q14: =IF($A14="","",IF(SUMPRODUCT(MAX((community_cores_FS!$B$5:$B$597=$A14)*community_cores_FS!$F$5:$F$597))=0,"",SUMPRODUCT(MAX((community_cores_FS!$B$5:$B$597=$A14)*community_cores_FS!$F$5:$F$597)))) | R14: =IF($A14="","",IFERROR(SUMIFS(community_cores_FS!$P$5:$P$597,community_cores_FS!$B$5:$B$597,$A14),"")) | S14: =IF($A14="","",IFERROR(SUMIFS(community_cores_FS!$Q$5:$Q$597,community_cores_FS!$B$5:$B$597,$A14),"")) | T14: =IF(NOT(ISNUMBER($Q14)),"",IF($Q14>=REFERENCE_DEPTH_CM,"Yes","No")) | U14: =IF($A14="","",IF(AND($B14<>"",COUNTIF('1. Plot & Site Log'!$A$5:$A$64,$B14)=0),"Plot ID not in Plot & Site Log. ","")&IF(NOT(ISNUMBER($Q14)),"No peat sections logged for this core. ","")&IF($T14="No","Core stops short of the reference depth, so its reference-depth stock is an underestimate. Its full-profile stock is still valid. ","")&IF($L14="No","Core did not reach the mineral contact — the full-profile stock is a MINIMUM, not the whole store. ","")&IF(AND(ISNUMBER($K14),$K14<PEATLAND_MIN_DEPTH_CM),"Organic depth under "&PEATLAND_MIN_DEPTH_CM&" cm: by the guide's definition this is not peatland. Report it, but say so. ","")&IF(AND(ISNUMBER($J14),$J14<QC_RECOVERY_MIN),"Recovered only "&TEXT($J14,"0%")&" of the bore depth — the chamber probably did not fill completely. Material is missing, which is not the same as compaction. ","")&IF(AND(ISNUMBER($J14),$J14>1.05),"Recovered more than the bore depth — check the two measurements. ","")&IF(AND(ISNUMBER($I14),$I14>2),"Surface compaction of "&$I14&" cm: depths in this core sit shallower than in the ground, so depth-limited stock is biased. Full-profile stock is unaffected. ",""))
J15: =IF(OR($G15="",$H15="",$G15=0),"",$H15/$G15) | Q15: =IF($A15="","",IF(SUMPRODUCT(MAX((community_cores_FS!$B$5:$B$597=$A15)*community_cores_FS!$F$5:$F$597))=0,"",SUMPRODUCT(MAX((community_cores_FS!$B$5:$B$597=$A15)*community_cores_FS!$F$5:$F$597)))) | R15: =IF($A15="","",IFERROR(SUMIFS(community_cores_FS!$P$5:$P$597,community_cores_FS!$B$5:$B$597,$A15),"")) | S15: =IF($A15="","",IFERROR(SUMIFS(community_cores_FS!$Q$5:$Q$597,community_cores_FS!$B$5:$B$597,$A15),"")) | T15: =IF(NOT(ISNUMBER($Q15)),"",IF($Q15>=REFERENCE_DEPTH_CM,"Yes","No")) | U15: =IF($A15="","",IF(AND($B15<>"",COUNTIF('1. Plot & Site Log'!$A$5:$A$64,$B15)=0),"Plot ID not in Plot & Site Log. ","")&IF(NOT(ISNUMBER($Q15)),"No peat sections logged for this core. ","")&IF($T15="No","Core stops short of the reference depth, so its reference-depth stock is an underestimate. Its full-profile stock is still valid. ","")&IF($L15="No","Core did not reach the mineral contact — the full-profile stock is a MINIMUM, not the whole store. ","")&IF(AND(ISNUMBER($K15),$K15<PEATLAND_MIN_DEPTH_CM),"Organic depth under "&PEATLAND_MIN_DEPTH_CM&" cm: by the guide's definition this is not peatland. Report it, but say so. ","")&IF(AND(ISNUMBER($J15),$J15<QC_RECOVERY_MIN),"Recovered only "&TEXT($J15,"0%")&" of the bore depth — the chamber probably did not fill completely. Material is missing, which is not the same as compaction. ","")&IF(AND(ISNUMBER($J15),$J15>1.05),"Recovered more than the bore depth — check the two measurements. ","")&IF(AND(ISNUMBER($I15),$I15>2),"Surface compaction of "&$I15&" cm: depths in this core sit shallower than in the ground, so depth-limited stock is biased. Full-profile stock is unaffected. ",""))
J16: =IF(OR($G16="",$H16="",$G16=0),"",$H16/$G16) | Q16: =IF($A16="","",IF(SUMPRODUCT(MAX((community_cores_FS!$B$5:$B$597=$A16)*community_cores_FS!$F$5:$F$597))=0,"",SUMPRODUCT(MAX((community_cores_FS!$B$5:$B$597=$A16)*community_cores_FS!$F$5:$F$597)))) | R16: =IF($A16="","",IFERROR(SUMIFS(community_cores_FS!$P$5:$P$597,community_cores_FS!$B$5:$B$597,$A16),"")) | S16: =IF($A16="","",IFERROR(SUMIFS(community_cores_FS!$Q$5:$Q$597,community_cores_FS!$B$5:$B$597,$A16),"")) | T16: =IF(NOT(ISNUMBER($Q16)),"",IF($Q16>=REFERENCE_DEPTH_CM,"Yes","No")) | U16: =IF($A16="","",IF(AND($B16<>"",COUNTIF('1. Plot & Site Log'!$A$5:$A$64,$B16)=0),"Plot ID not in Plot & Site Log. ","")&IF(NOT(ISNUMBER($Q16)),"No peat sections logged for this core. ","")&IF($T16="No","Core stops short of the reference depth, so its reference-depth stock is an underestimate. Its full-profile stock is still valid. ","")&IF($L16="No","Core did not reach the mineral contact — the full-profile stock is a MINIMUM, not the whole store. ","")&IF(AND(ISNUMBER($K16),$K16<PEATLAND_MIN_DEPTH_CM),"Organic depth under "&PEATLAND_MIN_DEPTH_CM&" cm: by the guide's definition this is not peatland. Report it, but say so. ","")&IF(AND(ISNUMBER($J16),$J16<QC_RECOVERY_MIN),"Recovered only "&TEXT($J16,"0%")&" of the bore depth — the chamber probably did not fill completely. Material is missing, which is not the same as compaction. ","")&IF(AND(ISNUMBER($J16),$J16>1.05),"Recovered more than the bore depth — check the two measurements. ","")&IF(AND(ISNUMBER($I16),$I16>2),"Surface compaction of "&$I16&" cm: depths in this core sit shallower than in the ground, so depth-limited stock is biased. Full-profile stock is unaffected. ",""))
J17: =IF(OR($G17="",$H17="",$G17=0),"",$H17/$G17) | Q17: =IF($A17="","",IF(SUMPRODUCT(MAX((community_cores_FS!$B$5:$B$597=$A17)*community_cores_FS!$F$5:$F$597))=0,"",SUMPRODUCT(MAX((community_cores_FS!$B$5:$B$597=$A17)*community_cores_FS!$F$5:$F$597)))) | R17: =IF($A17="","",IFERROR(SUMIFS(community_cores_FS!$P$5:$P$597,community_cores_FS!$B$5:$B$597,$A17),"")) | S17: =IF($A17="","",IFERROR(SUMIFS(community_cores_FS!$Q$5:$Q$597,community_cores_FS!$B$5:$B$597,$A17),"")) | T17: =IF(NOT(ISNUMBER($Q17)),"",IF($Q17>=REFERENCE_DEPTH_CM,"Yes","No")) | U17: =IF($A17="","",IF(AND($B17<>"",COUNTIF('1. Plot & Site Log'!$A$5:$A$64,$B17)=0),"Plot ID not in Plot & Site Log. ","")&IF(NOT(ISNUMBER($Q17)),"No peat sections logged for this core. ","")&IF($T17="No","Core stops short of the reference depth, so its reference-depth stock is an underestimate. Its full-profile stock is still valid. ","")&IF($L17="No","Core did not reach the mineral contact — the full-profile stock is a MINIMUM, not the whole store. ","")&IF(AND(ISNUMBER($K17),$K17<PEATLAND_MIN_DEPTH_CM),"Organic depth under "&PEATLAND_MIN_DEPTH_CM&" cm: by the guide's definition this is not peatland. Report it, but say so. ","")&IF(AND(ISNUMBER($J17),$J17<QC_RECOVERY_MIN),"Recovered only "&TEXT($J17,"0%")&" of the bore depth — the chamber probably did not fill completely. Material is missing, which is not the same as compaction. ","")&IF(AND(ISNUMBER($J17),$J17>1.05),"Recovered more than the bore depth — check the two measurements. ","")&IF(AND(ISNUMBER($I17),$I17>2),"Surface compaction of "&$I17&" cm: depths in this core sit shallower than in the ground, so depth-limited stock is biased. Full-profile stock is unaffected. ",""))
J18: =IF(OR($G18="",$H18="",$G18=0),"",$H18/$G18) | Q18: =IF($A18="","",IF(SUMPRODUCT(MAX((community_cores_FS!$B$5:$B$597=$A18)*community_cores_FS!$F$5:$F$597))=0,"",SUMPRODUCT(MAX((community_cores_FS!$B$5:$B$597=$A18)*community_cores_FS!$F$5:$F$597)))) | R18: =IF($A18="","",IFERROR(SUMIFS(community_cores_FS!$P$5:$P$597,community_cores_FS!$B$5:$B$597,$A18),"")) | S18: =IF($A18="","",IFERROR(SUMIFS(community_cores_FS!$Q$5:$Q$597,community_cores_FS!$B$5:$B$597,$A18),"")) | T18: =IF(NOT(ISNUMBER($Q18)),"",IF($Q18>=REFERENCE_DEPTH_CM,"Yes","No")) | U18: =IF($A18="","",IF(AND($B18<>"",COUNTIF('1. Plot & Site Log'!$A$5:$A$64,$B18)=0),"Plot ID not in Plot & Site Log. ","")&IF(NOT(ISNUMBER($Q18)),"No peat sections logged for this core. ","")&IF($T18="No","Core stops short of the reference depth, so its reference-depth stock is an underestimate. Its full-profile stock is still valid. ","")&IF($L18="No","Core did not reach the mineral contact — the full-profile stock is a MINIMUM, not the whole store. ","")&IF(AND(ISNUMBER($K18),$K18<PEATLAND_MIN_DEPTH_CM),"Organic depth under "&PEATLAND_MIN_DEPTH_CM&" cm: by the guide's definition this is not peatland. Report it, but say so. ","")&IF(AND(ISNUMBER($J18),$J18<QC_RECOVERY_MIN),"Recovered only "&TEXT($J18,"0%")&" of the bore depth — the chamber probably did not fill completely. Material is missing, which is not the same as compaction. ","")&IF(AND(ISNUMBER($J18),$J18>1.05),"Recovered more than the bore depth — check the two measurements. ","")&IF(AND(ISNUMBER($I18),$I18>2),"Surface compaction of "&$I18&" cm: depths in this core sit shallower than in the ground, so depth-limited stock is biased. Full-profile stock is unaffected. ",""))
J19: =IF(OR($G19="",$H19="",$G19=0),"",$H19/$G19) | Q19: =IF($A19="","",IF(SUMPRODUCT(MAX((community_cores_FS!$B$5:$B$597=$A19)*community_cores_FS!$F$5:$F$597))=0,"",SUMPRODUCT(MAX((community_cores_FS!$B$5:$B$597=$A19)*community_cores_FS!$F$5:$F$597)))) | R19: =IF($A19="","",IFERROR(SUMIFS(community_cores_FS!$P$5:$P$597,community_cores_FS!$B$5:$B$597,$A19),"")) | S19: =IF($A19="","",IFERROR(SUMIFS(community_cores_FS!$Q$5:$Q$597,community_cores_FS!$B$5:$B$597,$A19),"")) | T19: =IF(NOT(ISNUMBER($Q19)),"",IF($Q19>=REFERENCE_DEPTH_CM,"Yes","No")) | U19: =IF($A19="","",IF(AND($B19<>"",COUNTIF('1. Plot & Site Log'!$A$5:$A$64,$B19)=0),"Plot ID not in Plot & Site Log. ","")&IF(NOT(ISNUMBER($Q19)),"No peat sections logged for this core. ","")&IF($T19="No","Core stops short of the reference depth, so its reference-depth stock is an underestimate. Its full-profile stock is still valid. ","")&IF($L19="No","Core did not reach the mineral contact — the full-profile stock is a MINIMUM, not the whole store. ","")&IF(AND(ISNUMBER($K19),$K19<PEATLAND_MIN_DEPTH_CM),"Organic depth under "&PEATLAND_MIN_DEPTH_CM&" cm: by the guide's definition this is not peatland. Report it, but say so. ","")&IF(AND(ISNUMBER($J19),$J19<QC_RECOVERY_MIN),"Recovered only "&TEXT($J19,"0%")&" of the bore depth — the chamber probably did not fill completely. Material is missing, which is not the same as compaction. ","")&IF(AND(ISNUMBER($J19),$J19>1.05),"Recovered more than the bore depth — check the two measurements. ","")&IF(AND(ISNUMBER($I19),$I19>2),"Surface compaction of "&$I19&" cm: depths in this core sit shallower than in the ground, so depth-limited stock is biased. Full-profile stock is unaffected. ",""))
J20: =IF(OR($G20="",$H20="",$G20=0),"",$H20/$G20) | Q20: =IF($A20="","",IF(SUMPRODUCT(MAX((community_cores_FS!$B$5:$B$597=$A20)*community_cores_FS!$F$5:$F$597))=0,"",SUMPRODUCT(MAX((community_cores_FS!$B$5:$B$597=$A20)*community_cores_FS!$F$5:$F$597)))) | R20: =IF($A20="","",IFERROR(SUMIFS(community_cores_FS!$P$5:$P$597,community_cores_FS!$B$5:$B$597,$A20),"")) | S20: =IF($A20="","",IFERROR(SUMIFS(community_cores_FS!$Q$5:$Q$597,community_cores_FS!$B$5:$B$597,$A20),"")) | T20: =IF(NOT(ISNUMBER($Q20)),"",IF($Q20>=REFERENCE_DEPTH_CM,"Yes","No")) | U20: =IF($A20="","",IF(AND($B20<>"",COUNTIF('1. Plot & Site Log'!$A$5:$A$64,$B20)=0),"Plot ID not in Plot & Site Log. ","")&IF(NOT(ISNUMBER($Q20)),"No peat sections logged for this core. ","")&IF($T20="No","Core stops short of the reference depth, so its reference-depth stock is an underestimate. Its full-profile stock is still valid. ","")&IF($L20="No","Core did not reach the mineral contact — the full-profile stock is a MINIMUM, not the whole store. ","")&IF(AND(ISNUMBER($K20),$K20<PEATLAND_MIN_DEPTH_CM),"Organic depth under "&PEATLAND_MIN_DEPTH_CM&" cm: by the guide's definition this is not peatland. Report it, but say so. ","")&IF(AND(ISNUMBER($J20),$J20<QC_RECOVERY_MIN),"Recovered only "&TEXT($J20,"0%")&" of the bore depth — the chamber probably did not fill completely. Material is missing, which is not the same as compaction. ","")&IF(AND(ISNUMBER($J20),$J20>1.05),"Recovered more than the bore depth — check the two measurements. ","")&IF(AND(ISNUMBER($I20),$I20>2),"Surface compaction of "&$I20&" cm: depths in this core sit shallower than in the ground, so depth-limited stock is biased. Full-profile stock is unaffected. ",""))
J21: =IF(OR($G21="",$H21="",$G21=0),"",$H21/$G21) | Q21: =IF($A21="","",IF(SUMPRODUCT(MAX((community_cores_FS!$B$5:$B$597=$A21)*community_cores_FS!$F$5:$F$597))=0,"",SUMPRODUCT(MAX((community_cores_FS!$B$5:$B$597=$A21)*community_cores_FS!$F$5:$F$597)))) | R21: =IF($A21="","",IFERROR(SUMIFS(community_cores_FS!$P$5:$P$597,community_cores_FS!$B$5:$B$597,$A21),"")) | S21: =IF($A21="","",IFERROR(SUMIFS(community_cores_FS!$Q$5:$Q$597,community_cores_FS!$B$5:$B$597,$A21),"")) | T21: =IF(NOT(ISNUMBER($Q21)),"",IF($Q21>=REFERENCE_DEPTH_CM,"Yes","No")) | U21: =IF($A21="","",IF(AND($B21<>"",COUNTIF('1. Plot & Site Log'!$A$5:$A$64,$B21)=0),"Plot ID not in Plot & Site Log. ","")&IF(NOT(ISNUMBER($Q21)),"No peat sections logged for this core. ","")&IF($T21="No","Core stops short of the reference depth, so its reference-depth stock is an underestimate. Its full-profile stock is still valid. ","")&IF($L21="No","Core did not reach the mineral contact — the full-profile stock is a MINIMUM, not the whole store. ","")&IF(AND(ISNUMBER($K21),$K21<PEATLAND_MIN_DEPTH_CM),"Organic depth under "&PEATLAND_MIN_DEPTH_CM&" cm: by the guide's definition this is not peatland. Report it, but say so. ","")&IF(AND(ISNUMBER($J21),$J21<QC_RECOVERY_MIN),"Recovered only "&TEXT($J21,"0%")&" of the bore depth — the chamber probably did not fill completely. Material is missing, which is not the same as compaction. ","")&IF(AND(ISNUMBER($J21),$J21>1.05),"Recovered more than the bore depth — check the two measurements. ","")&IF(AND(ISNUMBER($I21),$I21>2),"Surface compaction of "&$I21&" cm: depths in this core sit shallower than in the ground, so depth-limited stock is biased. Full-profile stock is unaffected. ",""))
J22: =IF(OR($G22="",$H22="",$G22=0),"",$H22/$G22) | Q22: =IF($A22="","",IF(SUMPRODUCT(MAX((community_cores_FS!$B$5:$B$597=$A22)*community_cores_FS!$F$5:$F$597))=0,"",SUMPRODUCT(MAX((community_cores_FS!$B$5:$B$597=$A22)*community_cores_FS!$F$5:$F$597)))) | R22: =IF($A22="","",IFERROR(SUMIFS(community_cores_FS!$P$5:$P$597,community_cores_FS!$B$5:$B$597,$A22),"")) | S22: =IF($A22="","",IFERROR(SUMIFS(community_cores_FS!$Q$5:$Q$597,community_cores_FS!$B$5:$B$597,$A22),"")) | T22: =IF(NOT(ISNUMBER($Q22)),"",IF($Q22>=REFERENCE_DEPTH_CM,"Yes","No")) | U22: =IF($A22="","",IF(AND($B22<>"",COUNTIF('1. Plot & Site Log'!$A$5:$A$64,$B22)=0),"Plot ID not in Plot & Site Log. ","")&IF(NOT(ISNUMBER($Q22)),"No peat sections logged for this core. ","")&IF($T22="No","Core stops short of the reference depth, so its reference-depth stock is an underestimate. Its full-profile stock is still valid. ","")&IF($L22="No","Core did not reach the mineral contact — the full-profile stock is a MINIMUM, not the whole store. ","")&IF(AND(ISNUMBER($K22),$K22<PEATLAND_MIN_DEPTH_CM),"Organic depth under "&PEATLAND_MIN_DEPTH_CM&" cm: by the guide's definition this is not peatland. Report it, but say so. ","")&IF(AND(ISNUMBER($J22),$J22<QC_RECOVERY_MIN),"Recovered only "&TEXT($J22,"0%")&" of the bore depth — the chamber probably did not fill completely. Material is missing, which is not the same as compaction. ","")&IF(AND(ISNUMBER($J22),$J22>1.05),"Recovered more than the bore depth — check the two measurements. ","")&IF(AND(ISNUMBER($I22),$I22>2),"Surface compaction of "&$I22&" cm: depths in this core sit shallower than in the ground, so depth-limited stock is biased. Full-profile stock is unaffected. ",""))
J23: =IF(OR($G23="",$H23="",$G23=0),"",$H23/$G23) | Q23: =IF($A23="","",IF(SUMPRODUCT(MAX((community_cores_FS!$B$5:$B$597=$A23)*community_cores_FS!$F$5:$F$597))=0,"",SUMPRODUCT(MAX((community_cores_FS!$B$5:$B$597=$A23)*community_cores_FS!$F$5:$F$597)))) | R23: =IF($A23="","",IFERROR(SUMIFS(community_cores_FS!$P$5:$P$597,community_cores_FS!$B$5:$B$597,$A23),"")) | S23: =IF($A23="","",IFERROR(SUMIFS(community_cores_FS!$Q$5:$Q$597,community_cores_FS!$B$5:$B$597,$A23),"")) | T23: =IF(NOT(ISNUMBER($Q23)),"",IF($Q23>=REFERENCE_DEPTH_CM,"Yes","No")) | U23: =IF($A23="","",IF(AND($B23<>"",COUNTIF('1. Plot & Site Log'!$A$5:$A$64,$B23)=0),"Plot ID not in Plot & Site Log. ","")&IF(NOT(ISNUMBER($Q23)),"No peat sections logged for this core. ","")&IF($T23="No","Core stops short of the reference depth, so its reference-depth stock is an underestimate. Its full-profile stock is still valid. ","")&IF($L23="No","Core did not reach the mineral contact — the full-profile stock is a MINIMUM, not the whole store. ","")&IF(AND(ISNUMBER($K23),$K23<PEATLAND_MIN_DEPTH_CM),"Organic depth under "&PEATLAND_MIN_DEPTH_CM&" cm: by the guide's definition this is not peatland. Report it, but say so. ","")&IF(AND(ISNUMBER($J23),$J23<QC_RECOVERY_MIN),"Recovered only "&TEXT($J23,"0%")&" of the bore depth — the chamber probably did not fill completely. Material is missing, which is not the same as compaction. ","")&IF(AND(ISNUMBER($J23),$J23>1.05),"Recovered more than the bore depth — check the two measurements. ","")&IF(AND(ISNUMBER($I23),$I23>2),"Surface compaction of "&$I23&" cm: depths in this core sit shallower than in the ground, so depth-limited stock is biased. Full-profile stock is unaffected. ",""))
J24: =IF(OR($G24="",$H24="",$G24=0),"",$H24/$G24) | Q24: =IF($A24="","",IF(SUMPRODUCT(MAX((community_cores_FS!$B$5:$B$597=$A24)*community_cores_FS!$F$5:$F$597))=0,"",SUMPRODUCT(MAX((community_cores_FS!$B$5:$B$597=$A24)*community_cores_FS!$F$5:$F$597)))) | R24: =IF($A24="","",IFERROR(SUMIFS(community_cores_FS!$P$5:$P$597,community_cores_FS!$B$5:$B$597,$A24),"")) | S24: =IF($A24="","",IFERROR(SUMIFS(community_cores_FS!$Q$5:$Q$597,community_cores_FS!$B$5:$B$597,$A24),"")) | T24: =IF(NOT(ISNUMBER($Q24)),"",IF($Q24>=REFERENCE_DEPTH_CM,"Yes","No")) | U24: =IF($A24="","",IF(AND($B24<>"",COUNTIF('1. Plot & Site Log'!$A$5:$A$64,$B24)=0),"Plot ID not in Plot & Site Log. ","")&IF(NOT(ISNUMBER($Q24)),"No peat sections logged for this core. ","")&IF($T24="No","Core stops short of the reference depth, so its reference-depth stock is an underestimate. Its full-profile stock is still valid. ","")&IF($L24="No","Core did not reach the mineral contact — the full-profile stock is a MINIMUM, not the whole store. ","")&IF(AND(ISNUMBER($K24),$K24<PEATLAND_MIN_DEPTH_CM),"Organic depth under "&PEATLAND_MIN_DEPTH_CM&" cm: by the guide's definition this is not peatland. Report it, but say so. ","")&IF(AND(ISNUMBER($J24),$J24<QC_RECOVERY_MIN),"Recovered only "&TEXT($J24,"0%")&" of the bore depth — the chamber probably did not fill completely. Material is missing, which is not the same as compaction. ","")&IF(AND(ISNUMBER($J24),$J24>1.05),"Recovered more than the bore depth — check the two measurements. ","")&IF(AND(ISNUMBER($I24),$I24>2),"Surface compaction of "&$I24&" cm: depths in this core sit shallower than in the ground, so depth-limited stock is biased. Full-profile stock is unaffected. ",""))
... J124: =IF(OR($G124="",$H124="",$G124=0),"",$H124/$G124) | Q124: =IF($A124="","",IF(SUMPRODUCT(MAX((community_cores_FS!$B$5:$B$597=$A124)*community_cores_FS!$F$5:$F$597))=0,"",SUMPRODUCT(MAX((community_cores_FS!$B$5:$B$597=$A124)*community_cores_FS!$F$5:$F$597)))) | R124: =IF($A124="","",IFERROR(SUMIFS(community_cores_FS!$P$5:$P$597,community_cores_FS!$B$5:$B$597,$A124),"")) | S124: =IF($A124="","",IFERROR(SUMIFS(community_cores_FS!$Q$5:$Q$597,community_cores_FS!$B$5:$B$597,$A124),"")) | T124: =IF(NOT(ISNUMBER($Q124)),"",IF($Q124>=REFERENCE_DEPTH_CM,"Yes","No")) | U124: =IF($A124="","",IF(AND($B124<>"",COUNTIF('1. Plot & Site Log'!$A$5:$A$64,$B124)=0),"Plot ID not in Plot & Site Log. ","")&IF(NOT(ISNUMBER($Q124)),"No peat sections logged for this core. ","")&IF($T124="No","Core stops short of the reference depth, so its reference-depth stock is an underestimate. Its full-profile stock is still valid. ","")&IF($L124="No","Core did not reach the mineral contact — the full-profile stock is a MINIMUM, not the whole store. ","")&IF(AND(ISNUMBER($K124),$K124<PEATLAND_MIN_DEPTH_CM),"Organic depth under "&PEATLAND_MIN_DEPTH_CM&" cm: by the guide's definition this is not peatland. Report it, but say so. ","")&IF(AND(ISNUMBER($J124),$J124<QC_RECOVERY_MIN),"Recovered only "&TEXT($J124,"0%")&" of the bore depth — the chamber probably did not fill completely. Material is missing, which is not the same as compaction. ","")&IF(AND(ISNUMBER($J124),$J124>1.05),"Recovered more than the bore depth — check the two measurements. ","")&IF(AND(ISNUMBER($I124),$I124>2),"Surface compaction of "&$I124&" cm: depths in this core sit shallower than in the ground, so depth-limited stock is biased. Full-profile stock is unaffected. ",""))

Sheet community_cores_FS
A1: SOIL CORE DATA — SIMULATED
A2: SIMULATED. Includes wetland peat and forest organic/mineral horizons. Depths start at ground surface. Water content is percent of fresh mass. pH, nitrogen, C:N and horizon are retained in Notes and in the companion CSV.
A4: Plot ID | B4: Core ID | C4: Drive # | D4: Section ID | E4: Top depth (cm) | F4: Bottom depth (cm) | G4: Thickness (cm) | H4: von Post | I4: Bulk density basis | J4: Bulk density (g/cm³) | K4: Water content (%) | L4: LOI₅₅₀ (%) | M4: Organic carbon (%) | N4: Carbon % used | O4: Thickness within reference depth (cm) | P4: Stock, full thickness (kg C/m²) | Q4: Stock to reference depth (kg C/m²) | R4: _stock per cm | S4: Cumulative carbon to base (kg C/m²) | T4: QC flags | U4: Notes
A5: PM-01-A | B5: PM-01-A | C5: 1 | D5: PM-01-A | E5: 0 | F5: 14.5 | G5: =IF(AND(ISNUMBER($E5),ISNUMBER($F5)),$F5-$E5,"") -> 14.5 | I5: Whole sample / sample volume | J5: 0.0929 | L5: 39.1 | M5: 22.7 | N5: =IF($M5<>"",$M5,IF($L5<>"",$L5*CARBON_FRACTION_OM,"")) -> 22.7 | O5: =IF(AND(ISNUMBER($E5),ISNUMBER($F5)),MAX(0,MIN($F5,REFERENCE_DEPTH_CM)-MIN($E5,REFERENCE_DEPTH_CM)),"") -> 14.5 | P5: =IF(AND(ISNUMBER($J5),ISNUMBER($N5),ISNUMBER($G5)),$J5*($N5/100)*$G5*10,"") -> 3.0578035 | Q5: =IF(AND(ISNUMBER($J5),ISNUMBER($N5),ISNUMBER($O5)),$J5*($N5/100)*$O5*10,"") -> 3.0578035 | R5: =IF(OR(NOT(ISNUMBER($P5)),NOT(ISNUMBER($G5)),$G5=0),0,$P5/$G5) -> 0.210883 | S5: =IF(OR($B5="",NOT(ISNUMBER($F5))),"",SUMIFS(community_cores_FS!$P$5:$P$597,community_cores_FS!$B$5:$B$597,$B5,community_cores_FS!$F$5:$F$597,"<="&$F5)) -> 3.0578035 | T5: =IF(OR($B5="",$J5="",$M5=""),"Missing input",IF(OR($J5<0.02,$J5>1.2,$M5<0,$M5>60),"Check density or carbon units",IF($F5>REFERENCE_DEPTH_CM,"Below reference depth; included in sampled profile only","")))
A6: PM-02-A | B6: PM-02-A | C6: 1 | D6: PM-02-A-1 | E6: 0 | F6: 15.2 | G6: =IF(AND(ISNUMBER($E6),ISNUMBER($F6)),$F6-$E6,"") -> 15.2 | H6: H2 | I6: Whole sample / sample volume | J6: 0.0827 | L6: 39.1 | M6: 22.7 | N6: =IF($M6<>"",$M6,IF($L6<>"",$L6*CARBON_FRACTION_OM,"")) -> 22.7 | O6: =IF(AND(ISNUMBER($E6),ISNUMBER($F6)),MAX(0,MIN($F6,REFERENCE_DEPTH_CM)-MIN($E6,REFERENCE_DEPTH_CM)),"") -> 15.2 | P6: =IF(AND(ISNUMBER($J6),ISNUMBER($N6),ISNUMBER($G6)),$J6*($N6/100)*$G6*10,"") -> 2.8534808 | Q6: =IF(AND(ISNUMBER($J6),ISNUMBER($N6),ISNUMBER($O6)),$J6*($N6/100)*$O6*10,"") -> 2.8534808 | R6: =IF(OR(NOT(ISNUMBER($P6)),NOT(ISNUMBER($G6)),$G6=0),0,$P6/$G6) -> 0.187729 | S6: =IF(OR($B6="",NOT(ISNUMBER($F6))),"",SUMIFS(community_cores_FS!$P$5:$P$597,community_cores_FS!$B$5:$B$597,$B6,community_cores_FS!$F$5:$F$597,"<="&$F6)) -> 2.8534808 | T6: =IF(OR($B6="",$J6="",$M6=""),"Missing input",IF(OR($J6<0.02,$J6>1.2,$M6<0,$M6>60),"Check density or carbon units",IF($F6>REFERENCE_DEPTH_CM,"Below reference depth; included in sampled profile only","")))
A7: PM-02-A | B7: PM-02-A | C7: 1 | D7: PM-02-A-2 | E7: 15.2 | F7: 20.7 | G7: =IF(AND(ISNUMBER($E7),ISNUMBER($F7)),$F7-$E7,"") -> 5.5 | I7: Whole sample / sample volume | J7: 0.2662 | L7: 2.71 | M7: 1.57 | N7: =IF($M7<>"",$M7,IF($L7<>"",$L7*CARBON_FRACTION_OM,"")) -> 1.57 | O7: =IF(AND(ISNUMBER($E7),ISNUMBER($F7)),MAX(0,MIN($F7,REFERENCE_DEPTH_CM)-MIN($E7,REFERENCE_DEPTH_CM)),"") -> 5.5 | P7: =IF(AND(ISNUMBER($J7),ISNUMBER($N7),ISNUMBER($G7)),$J7*($N7/100)*$G7*10,"") -> 0.2298637 | Q7: =IF(AND(ISNUMBER($J7),ISNUMBER($N7),ISNUMBER($O7)),$J7*($N7/100)*$O7*10,"") -> 0.2298637 | R7: =IF(OR(NOT(ISNUMBER($P7)),NOT(ISNUMBER($G7)),$G7=0),0,$P7/$G7) -> 0.0417934 | S7: =IF(OR($B7="",NOT(ISNUMBER($F7))),"",SUMIFS(community_cores_FS!$P$5:$P$597,community_cores_FS!$B$5:$B$597,$B7,community_cores_FS!$F$5:$F$597,"<="&$F7)) -> 3.0833445 | T7: =IF(OR($B7="",$J7="",$M7=""),"Missing input",IF(OR($J7<0.02,$J7>1.2,$M7<0,$M7>60),"Check density or carbon units",IF($F7>REFERENCE_DEPTH_CM,"Below reference depth; included in sampled profile only","")))
A8: PM-03-A | B8: PM-03-A | C8: 1 | D8: PM-03-A-1 | E8: 0 | F8: 8.625 | G8: =IF(AND(ISNUMBER($E8),ISNUMBER($F8)),$F8-$E8,"") -> 8.625 | I8: Whole sample / sample volume | J8: 0.0501 | L8: 62.9 | M8: 36.5 | N8: =IF($M8<>"",$M8,IF($L8<>"",$L8*CARBON_FRACTION_OM,"")) -> 36.5 | O8: =IF(AND(ISNUMBER($E8),ISNUMBER($F8)),MAX(0,MIN($F8,REFERENCE_DEPTH_CM)-MIN($E8,REFERENCE_DEPTH_CM)),"") -> 8.625 | P8: =IF(AND(ISNUMBER($J8),ISNUMBER($N8),ISNUMBER($G8)),$J8*($N8/100)*$G8*10,"") -> 1.5772106 | Q8: =IF(AND(ISNUMBER($J8),ISNUMBER($N8),ISNUMBER($O8)),$J8*($N8/100)*$O8*10,"") -> 1.5772106 | R8: =IF(OR(NOT(ISNUMBER($P8)),NOT(ISNUMBER($G8)),$G8=0),0,$P8/$G8) -> 0.182865 | S8: =IF(OR($B8="",NOT(ISNUMBER($F8))),"",SUMIFS(community_cores_FS!$P$5:$P$597,community_cores_FS!$B$5:$B$597,$B8,community_cores_FS!$F$5:$F$597,"<="&$F8)) -> 1.5772106 | T8: =IF(OR($B8="",$J8="",$M8=""),"Missing input",IF(OR($J8<0.02,$J8>1.2,$M8<0,$M8>60),"Check density or carbon units",IF($F8>REFERENCE_DEPTH_CM,"Below reference depth; included in sampled profile only","")))
A9: PM-03-A | B9: PM-03-A | C9: 1 | D9: PM-03-A-2 | E9: 8.625 | F9: 17.725 | G9: =IF(AND(ISNUMBER($E9),ISNUMBER($F9)),$F9-$E9,"") -> 9.1 | I9: Whole sample / sample volume | J9: 0.0759 | L9: 73.1 | M9: 42.4 | N9: =IF($M9<>"",$M9,IF($L9<>"",$L9*CARBON_FRACTION_OM,"")) -> 42.4 | O9: =IF(AND(ISNUMBER($E9),ISNUMBER($F9)),MAX(0,MIN($F9,REFERENCE_DEPTH_CM)-MIN($E9,REFERENCE_DEPTH_CM)),"") -> 9.1 | P9: =IF(AND(ISNUMBER($J9),ISNUMBER($N9),ISNUMBER($G9)),$J9*($N9/100)*$G9*10,"") -> 2.9285256 | Q9: =IF(AND(ISNUMBER($J9),ISNUMBER($N9),ISNUMBER($O9)),$J9*($N9/100)*$O9*10,"") -> 2.9285256 | R9: =IF(OR(NOT(ISNUMBER($P9)),NOT(ISNUMBER($G9)),$G9=0),0,$P9/$G9) -> 0.321816 | S9: =IF(OR($B9="",NOT(ISNUMBER($F9))),"",SUMIFS(community_cores_FS!$P$5:$P$597,community_cores_FS!$B$5:$B$597,$B9,community_cores_FS!$F$5:$F$597,"<="&$F9)) -> 4.5057362 | T9: =IF(OR($B9="",$J9="",$M9=""),"Missing input",IF(OR($J9<0.02,$J9>1.2,$M9<0,$M9>60),"Check density or carbon units",IF($F9>REFERENCE_DEPTH_CM,"Below reference depth; included in sampled profile only","")))
A10: PM-03-A | B10: PM-03-A | C10: 1 | D10: PM-03-A-3 | E10: 17.725 | F10: 25.225 | G10: =IF(AND(ISNUMBER($E10),ISNUMBER($F10)),$F10-$E10,"") -> 7.5 | I10: Whole sample / sample volume | J10: 0.1459 | L10: 67.1 | M10: 38.9 | N10: =IF($M10<>"",$M10,IF($L10<>"",$L10*CARBON_FRACTION_OM,"")) -> 38.9 | O10: =IF(AND(ISNUMBER($E10),ISNUMBER($F10)),MAX(0,MIN($F10,REFERENCE_DEPTH_CM)-MIN($E10,REFERENCE_DEPTH_CM)),"") -> 7.5 | P10: =IF(AND(ISNUMBER($J10),ISNUMBER($N10),ISNUMBER($G10)),$J10*($N10/100)*$G10*10,"") -> 4.2566325 | Q10: =IF(AND(ISNUMBER($J10),ISNUMBER($N10),ISNUMBER($O10)),$J10*($N10/100)*$O10*10,"") -> 4.2566325 | R10: =IF(OR(NOT(ISNUMBER($P10)),NOT(ISNUMBER($G10)),$G10=0),0,$P10/$G10) -> 0.567551 | S10: =IF(OR($B10="",NOT(ISNUMBER($F10))),"",SUMIFS(community_cores_FS!$P$5:$P$597,community_cores_FS!$B$5:$B$597,$B10,community_cores_FS!$F$5:$F$597,"<="&$F10)) -> 8.7623687 | T10: =IF(OR($B10="",$J10="",$M10=""),"Missing input",IF(OR($J10<0.02,$J10>1.2,$M10<0,$M10>60),"Check density or carbon units",IF($F10>REFERENCE_DEPTH_CM,"Below reference depth; included in sampled profile only","")))
A11: PM-03-A | B11: PM-03-A | C11: 1 | D11: PM-03-A-4 | E11: 25.225 | F11: 30.725 | G11: =IF(AND(ISNUMBER($E11),ISNUMBER($F11)),$F11-$E11,"") -> 5.5 | I11: Whole sample / sample volume | J11: 0.2287 | L11: 18.4 | M11: 10.7 | N11: =IF($M11<>"",$M11,IF($L11<>"",$L11*CARBON_FRACTION_OM,"")) -> 10.7 | O11: =IF(AND(ISNUMBER($E11),ISNUMBER($F11)),MAX(0,MIN($F11,REFERENCE_DEPTH_CM)-MIN($E11,REFERENCE_DEPTH_CM)),"") -> 5.5 | P11: =IF(AND(ISNUMBER($J11),ISNUMBER($N11),ISNUMBER($G11)),$J11*($N11/100)*$G11*10,"") -> 1.3458995 | Q11: =IF(AND(ISNUMBER($J11),ISNUMBER($N11),ISNUMBER($O11)),$J11*($N11/100)*$O11*10,"") -> 1.3458995 | R11: =IF(OR(NOT(ISNUMBER($P11)),NOT(ISNUMBER($G11)),$G11=0),0,$P11/$G11) -> 0.244709 | S11: =IF(OR($B11="",NOT(ISNUMBER($F11))),"",SUMIFS(community_cores_FS!$P$5:$P$597,community_cores_FS!$B$5:$B$597,$B11,community_cores_FS!$F$5:$F$597,"<="&$F11)) -> 10.108268 | T11: =IF(OR($B11="",$J11="",$M11=""),"Missing input",IF(OR($J11<0.02,$J11>1.2,$M11<0,$M11>60),"Check density or carbon units",IF($F11>REFERENCE_DEPTH_CM,"Below reference depth; included in sampled profile only","")))
A12: FS-05 | B12: FS-05 | C12: 1 | D12: FS-05-1 | E12: 0 | F12: 10 | G12: =IF(AND(ISNUMBER($E12),ISNUMBER($F12)),$F12-$E12,"") -> 10 | I12: Whole sample / sample volume | J12: 0.27948308 | L12: 15.6 | M12: 8.6 | N12: =IF($M12<>"",$M12,IF($L12<>"",$L12*CARBON_FRACTION_OM,"")) -> 8.6 | O12: =IF(AND(ISNUMBER($E12),ISNUMBER($F12)),MAX(0,MIN($F12,REFERENCE_DEPTH_CM)-MIN($E12,REFERENCE_DEPTH_CM)),"") -> 10 | P12: =IF(AND(ISNUMBER($J12),ISNUMBER($N12),ISNUMBER($G12)),$J12*($N12/100)*$G12*10,"") -> 2.4035545 | Q12: =IF(AND(ISNUMBER($J12),ISNUMBER($N12),ISNUMBER($O12)),$J12*($N12/100)*$O12*10,"") -> 2.4035545 | R12: =IF(OR(NOT(ISNUMBER($P12)),NOT(ISNUMBER($G12)),$G12=0),0,$P12/$G12) -> 0.24035545 | S12: =IF(OR($B12="",NOT(ISNUMBER($F12))),"",SUMIFS(community_cores_FS!$P$5:$P$597,community_cores_FS!$B$5:$B$597,$B12,community_cores_FS!$F$5:$F$597,"<="&$F12)) -> 2.4035545 | T12: =IF(OR($B12="",$J12="",$M12=""),"Missing input",IF(OR($J12<0.02,$J12>1.2,$M12<0,$M12>60),"Check density or carbon units",IF($F12>REFERENCE_DEPTH_CM,"Below reference depth; included in sampled profile only","")))
A13: FS-05 | B13: FS-05 | C13: 1 | D13: FS-05-2 | E13: 10 | F13: 20 | G13: =IF(AND(ISNUMBER($E13),ISNUMBER($F13)),$F13-$E13,"") -> 10 | I13: Whole sample / sample volume | J13: 2.0365201 | L13: 2.1 | M13: 1.1 | N13: =IF($M13<>"",$M13,IF($L13<>"",$L13*CARBON_FRACTION_OM,"")) -> 1.1 | O13: =IF(AND(ISNUMBER($E13),ISNUMBER($F13)),MAX(0,MIN($F13,REFERENCE_DEPTH_CM)-MIN($E13,REFERENCE_DEPTH_CM)),"") -> 10 | P13: =IF(AND(ISNUMBER($J13),ISNUMBER($N13),ISNUMBER($G13)),$J13*($N13/100)*$G13*10,"") -> 2.2401721 | Q13: =IF(AND(ISNUMBER($J13),ISNUMBER($N13),ISNUMBER($O13)),$J13*($N13/100)*$O13*10,"") -> 2.2401721 | R13: =IF(OR(NOT(ISNUMBER($P13)),NOT(ISNUMBER($G13)),$G13=0),0,$P13/$G13) -> 0.22401721 | S13: =IF(OR($B13="",NOT(ISNUMBER($F13))),"",SUMIFS(community_cores_FS!$P$5:$P$597,community_cores_FS!$B$5:$B$597,$B13,community_cores_FS!$F$5:$F$597,"<="&$F13)) -> 4.6437266 | T13: =IF(OR($B13="",$J13="",$M13=""),"Missing input",IF(OR($J13<0.02,$J13>1.2,$M13<0,$M13>60),"Check density or carbon units",IF($F13>REFERENCE_DEPTH_CM,"Below reference depth; included in sampled profile only",""))) -> Check density or carbon units
A14: FS-05 | B14: FS-05 | C14: 1 | D14: FS-05-3 | E14: 20 | F14: 30 | G14: =IF(AND(ISNUMBER($E14),ISNUMBER($F14)),$F14-$E14,"") -> 10 | I14: Whole sample / sample volume | J14: 1.6241369 | L14: 1.6 | M14: 0.9 | N14: =IF($M14<>"",$M14,IF($L14<>"",$L14*CARBON_FRACTION_OM,"")) -> 0.9 | O14: =IF(AND(ISNUMBER($E14),ISNUMBER($F14)),MAX(0,MIN($F14,REFERENCE_DEPTH_CM)-MIN($E14,REFERENCE_DEPTH_CM)),"") -> 10 | P14: =IF(AND(ISNUMBER($J14),ISNUMBER($N14),ISNUMBER($G14)),$J14*($N14/100)*$G14*10,"") -> 1.4617232 | Q14: =IF(AND(ISNUMBER($J14),ISNUMBER($N14),ISNUMBER($O14)),$J14*($N14/100)*$O14*10,"") -> 1.4617232 | R14: =IF(OR(NOT(ISNUMBER($P14)),NOT(ISNUMBER($G14)),$G14=0),0,$P14/$G14) -> 0.14617232 | S14: =IF(OR($B14="",NOT(ISNUMBER($F14))),"",SUMIFS(community_cores_FS!$P$5:$P$597,community_cores_FS!$B$5:$B$597,$B14,community_cores_FS!$F$5:$F$597,"<="&$F14)) -> 6.1054498 | T14: =IF(OR($B14="",$J14="",$M14=""),"Missing input",IF(OR($J14<0.02,$J14>1.2,$M14<0,$M14>60),"Check density or carbon units",IF($F14>REFERENCE_DEPTH_CM,"Below reference depth; included in sampled profile only",""))) -> Check density or carbon units
A15: FS-04 | B15: FS-04 | C15: 1 | D15: FS-04-1 | E15: 0 | F15: 10 | G15: =IF(AND(ISNUMBER($E15),ISNUMBER($F15)),$F15-$E15,"") -> 10 | I15: Whole sample / sample volume | J15: 1.974657 | L15: 5.5 | M15: 3.1 | N15: =IF($M15<>"",$M15,IF($L15<>"",$L15*CARBON_FRACTION_OM,"")) -> 3.1 | O15: =IF(AND(ISNUMBER($E15),ISNUMBER($F15)),MAX(0,MIN($F15,REFERENCE_DEPTH_CM)-MIN($E15,REFERENCE_DEPTH_CM)),"") -> 10 | P15: =IF(AND(ISNUMBER($J15),ISNUMBER($N15),ISNUMBER($G15)),$J15*($N15/100)*$G15*10,"") -> 6.1214368 | Q15: =IF(AND(ISNUMBER($J15),ISNUMBER($N15),ISNUMBER($O15)),$J15*($N15/100)*$O15*10,"") -> 6.1214368 | R15: =IF(OR(NOT(ISNUMBER($P15)),NOT(ISNUMBER($G15)),$G15=0),0,$P15/$G15) -> 0.61214368 | S15: =IF(OR($B15="",NOT(ISNUMBER($F15))),"",SUMIFS(community_cores_FS!$P$5:$P$597,community_cores_FS!$B$5:$B$597,$B15,community_cores_FS!$F$5:$F$597,"<="&$F15)) -> 6.1214368 | T15: =IF(OR($B15="",$J15="",$M15=""),"Missing input",IF(OR($J15<0.02,$J15>1.2,$M15<0,$M15>60),"Check density or carbon units",IF($F15>REFERENCE_DEPTH_CM,"Below reference depth; included in sampled profile only",""))) -> Check density or carbon units
A16: FS-04 | B16: FS-04 | C16: 1 | D16: FS-04-2 | E16: 10 | F16: 20 | G16: =IF(AND(ISNUMBER($E16),ISNUMBER($F16)),$F16-$E16,"") -> 10 | I16: Whole sample / sample volume | J16: 0.99685946 | L16: 3.2 | M16: 1.8 | N16: =IF($M16<>"",$M16,IF($L16<>"",$L16*CARBON_FRACTION_OM,"")) -> 1.8 | O16: =IF(AND(ISNUMBER($E16),ISNUMBER($F16)),MAX(0,MIN($F16,REFERENCE_DEPTH_CM)-MIN($E16,REFERENCE_DEPTH_CM)),"") -> 10 | P16: =IF(AND(ISNUMBER($J16),ISNUMBER($N16),ISNUMBER($G16)),$J16*($N16/100)*$G16*10,"") -> 1.794347 | Q16: =IF(AND(ISNUMBER($J16),ISNUMBER($N16),ISNUMBER($O16)),$J16*($N16/100)*$O16*10,"") -> 1.794347 | R16: =IF(OR(NOT(ISNUMBER($P16)),NOT(ISNUMBER($G16)),$G16=0),0,$P16/$G16) -> 0.1794347 | S16: =IF(OR($B16="",NOT(ISNUMBER($F16))),"",SUMIFS(community_cores_FS!$P$5:$P$597,community_cores_FS!$B$5:$B$597,$B16,community_cores_FS!$F$5:$F$597,"<="&$F16)) -> 7.9157838 | T16: =IF(OR($B16="",$J16="",$M16=""),"Missing input",IF(OR($J16<0.02,$J16>1.2,$M16<0,$M16>60),"Check density or carbon units",IF($F16>REFERENCE_DEPTH_CM,"Below reference depth; included in sampled profile only","")))
A17: FS-04 | B17: FS-04 | C17: 1 | D17: FS-04-3 | E17: 20 | F17: 30 | G17: =IF(AND(ISNUMBER($E17),ISNUMBER($F17)),$F17-$E17,"") -> 10 | I17: Whole sample / sample volume | J17: 1.0537351 | L17: 1.5 | M17: 0.8 | N17: =IF($M17<>"",$M17,IF($L17<>"",$L17*CARBON_FRACTION_OM,"")) -> 0.8 | O17: =IF(AND(ISNUMBER($E17),ISNUMBER($F17)),MAX(0,MIN($F17,REFERENCE_DEPTH_CM)-MIN($E17,REFERENCE_DEPTH_CM)),"") -> 10 | P17: =IF(AND(ISNUMBER($J17),ISNUMBER($N17),ISNUMBER($G17)),$J17*($N17/100)*$G17*10,"") -> 0.84298811 | Q17: =IF(AND(ISNUMBER($J17),ISNUMBER($N17),ISNUMBER($O17)),$J17*($N17/100)*$O17*10,"") -> 0.84298811 | R17: =IF(OR(NOT(ISNUMBER($P17)),NOT(ISNUMBER($G17)),$G17=0),0,$P17/$G17) -> 0.084298811 | S17: =IF(OR($B17="",NOT(ISNUMBER($F17))),"",SUMIFS(community_cores_FS!$P$5:$P$597,community_cores_FS!$B$5:$B$597,$B17,community_cores_FS!$F$5:$F$597,"<="&$F17)) -> 8.7587719 | T17: =IF(OR($B17="",$J17="",$M17=""),"Missing input",IF(OR($J17<0.02,$J17>1.2,$M17<0,$M17>60),"Check density or carbon units",IF($F17>REFERENCE_DEPTH_CM,"Below reference depth; included in sampled profile only","")))
A18: FS-03 | B18: FS-03 | C18: 1 | D18: FS-03-1 | E18: 0 | F18: 10 | G18: =IF(AND(ISNUMBER($E18),ISNUMBER($F18)),$F18-$E18,"") -> 10 | I18: Whole sample / sample volume | J18: 2.0632819 | L18: 1.8 | M18: 1 | N18: =IF($M18<>"",$M18,IF($L18<>"",$L18*CARBON_FRACTION_OM,"")) -> 1 | O18: =IF(AND(ISNUMBER($E18),ISNUMBER($F18)),MAX(0,MIN($F18,REFERENCE_DEPTH_CM)-MIN($E18,REFERENCE_DEPTH_CM)),"") -> 10 | P18: =IF(AND(ISNUMBER($J18),ISNUMBER($N18),ISNUMBER($G18)),$J18*($N18/100)*$G18*10,"") -> 2.0632819 | Q18: =IF(AND(ISNUMBER($J18),ISNUMBER($N18),ISNUMBER($O18)),$J18*($N18/100)*$O18*10,"") -> 2.0632819 | R18: =IF(OR(NOT(ISNUMBER($P18)),NOT(ISNUMBER($G18)),$G18=0),0,$P18/$G18) -> 0.20632819 | S18: =IF(OR($B18="",NOT(ISNUMBER($F18))),"",SUMIFS(community_cores_FS!$P$5:$P$597,community_cores_FS!$B$5:$B$597,$B18,community_cores_FS!$F$5:$F$597,"<="&$F18)) -> 2.0632819 | T18: =IF(OR($B18="",$J18="",$M18=""),"Missing input",IF(OR($J18<0.02,$J18>1.2,$M18<0,$M18>60),"Check density or carbon units",IF($F18>REFERENCE_DEPTH_CM,"Below reference depth; included in sampled profile only",""))) -> Check density or carbon units
... A22: FS-02 | B22: FS-02 | C22: 1 | D22: FS-02-2 | E22: 10 | F22: 20 | G22: =IF(AND(ISNUMBER($E22),ISNUMBER($F22)),$F22-$E22,"") -> 10 | I22: Whole sample / sample volume | J22: 1.497014 | L22: 3.5 | M22: 1.9 | N22: =IF($M22<>"",$M22,IF($L22<>"",$L22*CARBON_FRACTION_OM,"")) -> 1.9 | O22: =IF(AND(ISNUMBER($E22),ISNUMBER($F22)),MAX(0,MIN($F22,REFERENCE_DEPTH_CM)-MIN($E22,REFERENCE_DEPTH_CM)),"") -> 10 | P22: =IF(AND(ISNUMBER($J22),ISNUMBER($N22),ISNUMBER($G22)),$J22*($N22/100)*$G22*10,"") -> 2.8443267 | Q22: =IF(AND(ISNUMBER($J22),ISNUMBER($N22),ISNUMBER($O22)),$J22*($N22/100)*$O22*10,"") -> 2.8443267 | R22: =IF(OR(NOT(ISNUMBER($P22)),NOT(ISNUMBER($G22)),$G22=0),0,$P22/$G22) -> 0.28443267 | S22: =IF(OR($B22="",NOT(ISNUMBER($F22))),"",SUMIFS(community_cores_FS!$P$5:$P$597,community_cores_FS!$B$5:$B$597,$B22,community_cores_FS!$F$5:$F$597,"<="&$F22)) -> 6.7269888 | T22: =IF(OR($B22="",$J22="",$M22=""),"Missing input",IF(OR($J22<0.02,$J22>1.2,$M22<0,$M22>60),"Check density or carbon units",IF($F22>REFERENCE_DEPTH_CM,"Below reference depth; included in sampled profile only",""))) -> Check density or carbon units
A23: FS-02 | B23: FS-02 | C23: 1 | D23: FS-02-3 | E23: 20 | F23: 30 | G23: =IF(AND(ISNUMBER($E23),ISNUMBER($F23)),$F23-$E23,"") -> 10 | I23: Whole sample / sample volume | J23: 1.1030484 | L23: 2.7 | M23: 1.5 | N23: =IF($M23<>"",$M23,IF($L23<>"",$L23*CARBON_FRACTION_OM,"")) -> 1.5 | O23: =IF(AND(ISNUMBER($E23),ISNUMBER($F23)),MAX(0,MIN($F23,REFERENCE_DEPTH_CM)-MIN($E23,REFERENCE_DEPTH_CM)),"") -> 10 | P23: =IF(AND(ISNUMBER($J23),ISNUMBER($N23),ISNUMBER($G23)),$J23*($N23/100)*$G23*10,"") -> 1.6545726 | Q23: =IF(AND(ISNUMBER($J23),ISNUMBER($N23),ISNUMBER($O23)),$J23*($N23/100)*$O23*10,"") -> 1.6545726 | R23: =IF(OR(NOT(ISNUMBER($P23)),NOT(ISNUMBER($G23)),$G23=0),0,$P23/$G23) -> 0.16545726 | S23: =IF(OR($B23="",NOT(ISNUMBER($F23))),"",SUMIFS(community_cores_FS!$P$5:$P$597,community_cores_FS!$B$5:$B$597,$B23,community_cores_FS!$F$5:$F$597,"<="&$F23)) -> 8.3815614 | T23: =IF(OR($B23="",$J23="",$M23=""),"Missing input",IF(OR($J23<0.02,$J23>1.8,$M23<0,$M23>60),"Check density or carbon units",IF($F23>REFERENCE_DEPTH_CM,"Below reference depth; included in sampled profile only","")))
A24: FS-01 | B24: FS-01 | C24: 1 | D24: FS-01-1 | E24: 0 | F24: 10 | G24: =IF(AND(ISNUMBER($E24),ISNUMBER($F24)),$F24-$E24,"") -> 10 | I24: Whole sample / sample volume | J24: 1.7629047 | L24: 5.4 | M24: 3 | N24: =IF($M24<>"",$M24,IF($L24<>"",$L24*CARBON_FRACTION_OM,"")) -> 3 | O24: =IF(AND(ISNUMBER($E24),ISNUMBER($F24)),MAX(0,MIN($F24,REFERENCE_DEPTH_CM)-MIN($E24,REFERENCE_DEPTH_CM)),"") -> 10 | P24: =IF(AND(ISNUMBER($J24),ISNUMBER($N24),ISNUMBER($G24)),$J24*($N24/100)*$G24*10,"") -> 5.2887141 | Q24: =IF(AND(ISNUMBER($J24),ISNUMBER($N24),ISNUMBER($O24)),$J24*($N24/100)*$O24*10,"") -> 5.2887141 | R24: =IF(OR(NOT(ISNUMBER($P24)),NOT(ISNUMBER($G24)),$G24=0),0,$P24/$G24) -> 0.52887141 | S24: =IF(OR($B24="",NOT(ISNUMBER($F24))),"",SUMIFS(community_cores_FS!$P$5:$P$597,community_cores_FS!$B$5:$B$597,$B24,community_cores_FS!$F$5:$F$597,"<="&$F24)) -> 5.2887141 | T24: =IF(OR($B24="",$J24="",$M24=""),"Missing input",IF(OR($J24<0.02,$J24>1.8,$M24<0,$M24>60),"Check density or carbon units",IF($F24>REFERENCE_DEPTH_CM,"Below reference depth; included in sampled profile only","")))
A25: FS-01 | B25: FS-01 | C25: 1 | D25: FS-01-2 | E25: 10 | F25: 20 | G25: =IF(AND(ISNUMBER($E25),ISNUMBER($F25)),$F25-$E25,"") -> 10 | I25: Whole sample / sample volume | J25: 1.5938661 | L25: 7.3 | M25: 4.1 | N25: =IF($M25<>"",$M25,IF($L25<>"",$L25*CARBON_FRACTION_OM,"")) -> 4.1 | O25: =IF(AND(ISNUMBER($E25),ISNUMBER($F25)),MAX(0,MIN($F25,REFERENCE_DEPTH_CM)-MIN($E25,REFERENCE_DEPTH_CM)),"") -> 10 | P25: =IF(AND(ISNUMBER($J25),ISNUMBER($N25),ISNUMBER($G25)),$J25*($N25/100)*$G25*10,"") -> 6.5348508 | Q25: =IF(AND(ISNUMBER($J25),ISNUMBER($N25),ISNUMBER($O25)),$J25*($N25/100)*$O25*10,"") -> 6.5348508 | R25: =IF(OR(NOT(ISNUMBER($P25)),NOT(ISNUMBER($G25)),$G25=0),0,$P25/$G25) -> 0.65348508 | S25: =IF(OR($B25="",NOT(ISNUMBER($F25))),"",SUMIFS(community_cores_FS!$P$5:$P$597,community_cores_FS!$B$5:$B$597,$B25,community_cores_FS!$F$5:$F$597,"<="&$F25)) -> 11.823565 | T25: =IF(OR($B25="",$J25="",$M25=""),"Missing input",IF(OR($J25<0.02,$J25>1.8,$M25<0,$M25>60),"Check density or carbon units",IF($F25>REFERENCE_DEPTH_CM,"Below reference depth; included in sampled profile only","")))
A26: FS-01 | B26: FS-01 | C26: 1 | D26: FS-01-3 | E26: 20 | F26: 30 | G26: =IF(AND(ISNUMBER($E26),ISNUMBER($F26)),$F26-$E26,"") -> 10 | I26: Whole sample / sample volume | J26: 1.4349645 | L26: 3 | M26: 1.7 | N26: =IF($M26<>"",$M26,IF($L26<>"",$L26*CARBON_FRACTION_OM,"")) -> 1.7 | O26: =IF(AND(ISNUMBER($E26),ISNUMBER($F26)),MAX(0,MIN($F26,REFERENCE_DEPTH_CM)-MIN($E26,REFERENCE_DEPTH_CM)),"") -> 10 | P26: =IF(AND(ISNUMBER($J26),ISNUMBER($N26),ISNUMBER($G26)),$J26*($N26/100)*$G26*10,"") -> 2.4394396 | Q26: =IF(AND(ISNUMBER($J26),ISNUMBER($N26),ISNUMBER($O26)),$J26*($N26/100)*$O26*10,"") -> 2.4394396 | R26: =IF(OR(NOT(ISNUMBER($P26)),NOT(ISNUMBER($G26)),$G26=0),0,$P26/$G26) -> 0.24394396 | S26: =IF(OR($B26="",NOT(ISNUMBER($F26))),"",SUMIFS(community_cores_FS!$P$5:$P$597,community_cores_FS!$B$5:$B$597,$B26,community_cores_FS!$F$5:$F$597,"<="&$F26)) -> 14.263005 | T26: =IF(OR($B26="",$J26="",$M26=""),"Missing input",IF(OR($J26<0.02,$J26>1.8,$M26<0,$M26>60),"Check density or carbon units",IF($F26>REFERENCE_DEPTH_CM,"Below reference depth; included in sampled profile only","")))
G27: =IF(OR($E27="",$F27=""),"",$F27-$E27) | N27: =IF($M27<>"",$M27,IF($L27<>"",$L27*CARBON_FRACTION_OM,"")) | O27: =IF(OR($E27="",$F27=""),"",MAX(0,MIN($F27,REFERENCE_DEPTH_CM)-MIN($E27,REFERENCE_DEPTH_CM))) | P27: =IF(OR($J27="",$N27="",$G27=""),"",$J27*($N27/100)*$G27*10) | Q27: =IF(OR($J27="",$N27="",$O27=""),"",$J27*($N27/100)*$O27*10) | R27: =IF(OR(NOT(ISNUMBER($P27)),NOT(ISNUMBER($G27)),$G27=0),0,$P27/$G27) -> 0 | S27: =IF(OR($B27="",NOT(ISNUMBER($F27))),"",SUMIFS(community_cores_FS!$P$5:$P$597,community_cores_FS!$B$5:$B$597,$B27,community_cores_FS!$F$5:$F$597,"<="&$F27)) | T27: =IF(AND($A27="",$B27="",$E27=""),"",IF(AND($B27<>"",COUNTIF('2. Core Log'!$A$5:$A$124,$B27)=0),"Core ID not in Core Log. ","")&IF(AND($A27<>"",COUNTIF('1. Plot & Site Log'!$A$5:$A$64,$A27)=0),"Plot ID not in Plot & Site Log. ","")&IF(AND(ISNUMBER($E27),ISNUMBER($F27),$F27<=$E27),"Bottom depth is not below top depth. ","")&IF($I27="","Say which bulk-density basis the lab reported. ","")&IF(AND(ISNUMBER($J27),OR($J27<QC_BD_MIN,$J27>QC_BD_MAX)),"Bulk density outside "&QC_BD_MIN&"–"&QC_BD_MAX&" g/cm³ for peat. Above the top of that range usually means the mineral contact has been passed. ","")&IF(AND(ISNUMBER($N27),$N27>QC_CARBON_PCT_MAX),"Carbon above "&QC_CARBON_PCT_MAX&"% — check units; this may be organic matter rather than carbon. ","")&IF(AND($L27<>"",$M27<>""),"Both LOI and measured carbon given — the measured value is used. ","")&IF(AND($M27="",$L27<>"",OM_FACTOR_IS_LOCAL<>"Yes"),"Carbon derived from LOI using the default factor of "&CARBON_FRACTION_OM&", which has not been calibrated locally. See R1. Reference. ","")&IF(AND(ISNUMBER($O27),$O27=0,ISNUMBER($E27)),"Section lies entirely below the reference depth — it counts to the full-profile stock only. ",""))
G28: =IF(OR($E28="",$F28=""),"",$F28-$E28) | N28: =IF($M28<>"",$M28,IF($L28<>"",$L28*CARBON_FRACTION_OM,"")) | O28: =IF(OR($E28="",$F28=""),"",MAX(0,MIN($F28,REFERENCE_DEPTH_CM)-MIN($E28,REFERENCE_DEPTH_CM))) | P28: =IF(OR($J28="",$N28="",$G28=""),"",$J28*($N28/100)*$G28*10) | Q28: =IF(OR($J28="",$N28="",$O28=""),"",$J28*($N28/100)*$O28*10) | R28: =IF(OR(NOT(ISNUMBER($P28)),NOT(ISNUMBER($G28)),$G28=0),0,$P28/$G28) -> 0 | S28: =IF(OR($B28="",NOT(ISNUMBER($F28))),"",SUMIFS(community_cores_FS!$P$5:$P$597,community_cores_FS!$B$5:$B$597,$B28,community_cores_FS!$F$5:$F$597,"<="&$F28)) | T28: =IF(AND($A28="",$B28="",$E28=""),"",IF(AND($B28<>"",COUNTIF('2. Core Log'!$A$5:$A$124,$B28)=0),"Core ID not in Core Log. ","")&IF(AND($A28<>"",COUNTIF('1. Plot & Site Log'!$A$5:$A$64,$A28)=0),"Plot ID not in Plot & Site Log. ","")&IF(AND(ISNUMBER($E28),ISNUMBER($F28),$F28<=$E28),"Bottom depth is not below top depth. ","")&IF($I28="","Say which bulk-density basis the lab reported. ","")&IF(AND(ISNUMBER($J28),OR($J28<QC_BD_MIN,$J28>QC_BD_MAX)),"Bulk density outside "&QC_BD_MIN&"–"&QC_BD_MAX&" g/cm³ for peat. Above the top of that range usually means the mineral contact has been passed. ","")&IF(AND(ISNUMBER($N28),$N28>QC_CARBON_PCT_MAX),"Carbon above "&QC_CARBON_PCT_MAX&"% — check units; this may be organic matter rather than carbon. ","")&IF(AND($L28<>"",$M28<>""),"Both LOI and measured carbon given — the measured value is used. ","")&IF(AND($M28="",$L28<>"",OM_FACTOR_IS_LOCAL<>"Yes"),"Carbon derived from LOI using the default factor of "&CARBON_FRACTION_OM&", which has not been calibrated locally. See R1. Reference. ","")&IF(AND(ISNUMBER($O28),$O28=0,ISNUMBER($E28)),"Section lies entirely below the reference depth — it counts to the full-profile stock only. ",""))
G29: =IF(OR($E29="",$F29=""),"",$F29-$E29) | N29: =IF($M29<>"",$M29,IF($L29<>"",$L29*CARBON_FRACTION_OM,"")) | O29: =IF(OR($E29="",$F29=""),"",MAX(0,MIN($F29,REFERENCE_DEPTH_CM)-MIN($E29,REFERENCE_DEPTH_CM))) | P29: =IF(OR($J29="",$N29="",$G29=""),"",$J29*($N29/100)*$G29*10) | Q29: =IF(OR($J29="",$N29="",$O29=""),"",$J29*($N29/100)*$O29*10) | R29: =IF(OR(NOT(ISNUMBER($P29)),NOT(ISNUMBER($G29)),$G29=0),0,$P29/$G29) -> 0 | S29: =IF(OR($B29="",NOT(ISNUMBER($F29))),"",SUMIFS(community_cores_FS!$P$5:$P$597,community_cores_FS!$B$5:$B$597,$B29,community_cores_FS!$F$5:$F$597,"<="&$F29)) | T29: =IF(AND($A29="",$B29="",$E29=""),"",IF(AND($B29<>"",COUNTIF('2. Core Log'!$A$5:$A$124,$B29)=0),"Core ID not in Core Log. ","")&IF(AND($A29<>"",COUNTIF('1. Plot & Site Log'!$A$5:$A$64,$A29)=0),"Plot ID not in Plot & Site Log. ","")&IF(AND(ISNUMBER($E29),ISNUMBER($F29),$F29<=$E29),"Bottom depth is not below top depth. ","")&IF($I29="","Say which bulk-density basis the lab reported. ","")&IF(AND(ISNUMBER($J29),OR($J29<QC_BD_MIN,$J29>QC_BD_MAX)),"Bulk density outside "&QC_BD_MIN&"–"&QC_BD_MAX&" g/cm³ for peat. Above the top of that range usually means the mineral contact has been passed. ","")&IF(AND(ISNUMBER($N29),$N29>QC_CARBON_PCT_MAX),"Carbon above "&QC_CARBON_PCT_MAX&"% — check units; this may be organic matter rather than carbon. ","")&IF(AND($L29<>"",$M29<>""),"Both LOI and measured carbon given — the measured value is used. ","")&IF(AND($M29="",$L29<>"",OM_FACTOR_IS_LOCAL<>"Yes"),"Carbon derived from LOI using the default factor of "&CARBON_FRACTION_OM&", which has not been calibrated locally. See R1. Reference. ","")&IF(AND(ISNUMBER($O29),$O29=0,ISNUMBER($E29)),"Section lies entirely below the reference depth — it counts to the full-profile stock only. ",""))
G30: =IF(OR($E30="",$F30=""),"",$F30-$E30) | N30: =IF($M30<>"",$M30,IF($L30<>"",$L30*CARBON_FRACTION_OM,"")) | O30: =IF(OR($E30="",$F30=""),"",MAX(0,MIN($F30,REFERENCE_DEPTH_CM)-MIN($E30,REFERENCE_DEPTH_CM))) | P30: =IF(OR($J30="",$N30="",$G30=""),"",$J30*($N30/100)*$G30*10) | Q30: =IF(OR($J30="",$N30="",$O30=""),"",$J30*($N30/100)*$O30*10) | R30: =IF(OR(NOT(ISNUMBER($P30)),NOT(ISNUMBER($G30)),$G30=0),0,$P30/$G30) -> 0 | S30: =IF(OR($B30="",NOT(ISNUMBER($F30))),"",SUMIFS(community_cores_FS!$P$5:$P$597,community_cores_FS!$B$5:$B$597,$B30,community_cores_FS!$F$5:$F$597,"<="&$F30)) | T30: =IF(AND($A30="",$B30="",$E30=""),"",IF(AND($B30<>"",COUNTIF('2. Core Log'!$A$5:$A$124,$B30)=0),"Core ID not in Core Log. ","")&IF(AND($A30<>"",COUNTIF('1. Plot & Site Log'!$A$5:$A$64,$A30)=0),"Plot ID not in Plot & Site Log. ","")&IF(AND(ISNUMBER($E30),ISNUMBER($F30),$F30<=$E30),"Bottom depth is not below top depth. ","")&IF($I30="","Say which bulk-density basis the lab reported. ","")&IF(AND(ISNUMBER($J30),OR($J30<QC_BD_MIN,$J30>QC_BD_MAX)),"Bulk density outside "&QC_BD_MIN&"–"&QC_BD_MAX&" g/cm³ for peat. Above the top of that range usually means the mineral contact has been passed. ","")&IF(AND(ISNUMBER($N30),$N30>QC_CARBON_PCT_MAX),"Carbon above "&QC_CARBON_PCT_MAX&"% — check units; this may be organic matter rather than carbon. ","")&IF(AND($L30<>"",$M30<>""),"Both LOI and measured carbon given — the measured value is used. ","")&IF(AND($M30="",$L30<>"",OM_FACTOR_IS_LOCAL<>"Yes"),"Carbon derived from LOI using the default factor of "&CARBON_FRACTION_OM&", which has not been calibrated locally. See R1. Reference. ","")&IF(AND(ISNUMBER($O30),$O30=0,ISNUMBER($E30)),"Section lies entirely below the reference depth — it counts to the full-profile stock only. ",""))
G31: =IF(OR($E31="",$F31=""),"",$F31-$E31) | N31: =IF($M31<>"",$M31,IF($L31<>"",$L31*CARBON_FRACTION_OM,"")) | O31: =IF(OR($E31="",$F31=""),"",MAX(0,MIN($F31,REFERENCE_DEPTH_CM)-MIN($E31,REFERENCE_DEPTH_CM))) | P31: =IF(OR($J31="",$N31="",$G31=""),"",$J31*($N31/100)*$G31*10) | Q31: =IF(OR($J31="",$N31="",$O31=""),"",$J31*($N31/100)*$O31*10) | R31: =IF(OR(NOT(ISNUMBER($P31)),NOT(ISNUMBER($G31)),$G31=0),0,$P31/$G31) -> 0 | S31: =IF(OR($B31="",NOT(ISNUMBER($F31))),"",SUMIFS(community_cores_FS!$P$5:$P$597,community_cores_FS!$B$5:$B$597,$B31,community_cores_FS!$F$5:$F$597,"<="&$F31)) | T31: =IF(AND($A31="",$B31="",$E31=""),"",IF(AND($B31<>"",COUNTIF('2. Core Log'!$A$5:$A$124,$B31)=0),"Core ID not in Core Log. ","")&IF(AND($A31<>"",COUNTIF('1. Plot & Site Log'!$A$5:$A$64,$A31)=0),"Plot ID not in Plot & Site Log. ","")&IF(AND(ISNUMBER($E31),ISNUMBER($F31),$F31<=$E31),"Bottom depth is not below top depth. ","")&IF($I31="","Say which bulk-density basis the lab reported. ","")&IF(AND(ISNUMBER($J31),OR($J31<QC_BD_MIN,$J31>QC_BD_MAX)),"Bulk density outside "&QC_BD_MIN&"–"&QC_BD_MAX&" g/cm³ for peat. Above the top of that range usually means the mineral contact has been passed. ","")&IF(AND(ISNUMBER($N31),$N31>QC_CARBON_PCT_MAX),"Carbon above "&QC_CARBON_PCT_MAX&"% — check units; this may be organic matter rather than carbon. ","")&IF(AND($L31<>"",$M31<>""),"Both LOI and measured carbon given — the measured value is used. ","")&IF(AND($M31="",$L31<>"",OM_FACTOR_IS_LOCAL<>"Yes"),"Carbon derived from LOI using the default factor of "&CARBON_FRACTION_OM&", which has not been calibrated locally. See R1. Reference. ","")&IF(AND(ISNUMBER($O31),$O31=0,ISNUMBER($E31)),"Section lies entirely below the reference depth — it counts to the full-profile stock only. ",""))
G32: =IF(OR($E32="",$F32=""),"",$F32-$E32) | N32: =IF($M32<>"",$M32,IF($L32<>"",$L32*CARBON_FRACTION_OM,"")) | O32: =IF(OR($E32="",$F32=""),"",MAX(0,MIN($F32,REFERENCE_DEPTH_CM)-MIN($E32,REFERENCE_DEPTH_CM))) | P32: =IF(OR($J32="",$N32="",$G32=""),"",$J32*($N32/100)*$G32*10) | Q32: =IF(OR($J32="",$N32="",$O32=""),"",$J32*($N32/100)*$O32*10) | R32: =IF(OR(NOT(ISNUMBER($P32)),NOT(ISNUMBER($G32)),$G32=0),0,$P32/$G32) -> 0 | S32: =IF(OR($B32="",NOT(ISNUMBER($F32))),"",SUMIFS(community_cores_FS!$P$5:$P$597,community_cores_FS!$B$5:$B$597,$B32,community_cores_FS!$F$5:$F$597,"<="&$F32)) | T32: =IF(AND($A32="",$B32="",$E32=""),"",IF(AND($B32<>"",COUNTIF('2. Core Log'!$A$5:$A$124,$B32)=0),"Core ID not in Core Log. ","")&IF(AND($A32<>"",COUNTIF('1. Plot & Site Log'!$A$5:$A$64,$A32)=0),"Plot ID not in Plot & Site Log. ","")&IF(AND(ISNUMBER($E32),ISNUMBER($F32),$F32<=$E32),"Bottom depth is not below top depth. ","")&IF($I32="","Say which bulk-density basis the lab reported. ","")&IF(AND(ISNUMBER($J32),OR($J32<QC_BD_MIN,$J32>QC_BD_MAX)),"Bulk density outside "&QC_BD_MIN&"–"&QC_BD_MAX&" g/cm³ for peat. Above the top of that range usually means the mineral contact has been passed. ","")&IF(AND(ISNUMBER($N32),$N32>QC_CARBON_PCT_MAX),"Carbon above "&QC_CARBON_PCT_MAX&"% — check units; this may be organic matter rather than carbon. ","")&IF(AND($L32<>"",$M32<>""),"Both LOI and measured carbon given — the measured value is used. ","")&IF(AND($M32="",$L32<>"",OM_FACTOR_IS_LOCAL<>"Yes"),"Carbon derived from LOI using the default factor of "&CARBON_FRACTION_OM&", which has not been calibrated locally. See R1. Reference. ","")&IF(AND(ISNUMBER($O32),$O32=0,ISNUMBER($E32)),"Section lies entirely below the reference depth — it counts to the full-profile stock only. ",""))
G33: =IF(OR($E33="",$F33=""),"",$F33-$E33) | N33: =IF($M33<>"",$M33,IF($L33<>"",$L33*CARBON_FRACTION_OM,"")) | O33: =IF(OR($E33="",$F33=""),"",MAX(0,MIN($F33,REFERENCE_DEPTH_CM)-MIN($E33,REFERENCE_DEPTH_CM))) | P33: =IF(OR($J33="",$N33="",$G33=""),"",$J33*($N33/100)*$G33*10) | Q33: =IF(OR($J33="",$N33="",$O33=""),"",$J33*($N33/100)*$O33*10) | R33: =IF(OR(NOT(ISNUMBER($P33)),NOT(ISNUMBER($G33)),$G33=0),0,$P33/$G33) -> 0 | S33: =IF(OR($B33="",NOT(ISNUMBER($F33))),"",SUMIFS(community_cores_FS!$P$5:$P$597,community_cores_FS!$B$5:$B$597,$B33,community_cores_FS!$F$5:$F$597,"<="&$F33)) | T33: =IF(AND($A33="",$B33="",$E33=""),"",IF(AND($B33<>"",COUNTIF('2. Core Log'!$A$5:$A$124,$B33)=0),"Core ID not in Core Log. ","")&IF(AND($A33<>"",COUNTIF('1. Plot & Site Log'!$A$5:$A$64,$A33)=0),"Plot ID not in Plot & Site Log. ","")&IF(AND(ISNUMBER($E33),ISNUMBER($F33),$F33<=$E33),"Bottom depth is not below top depth. ","")&IF($I33="","Say which bulk-density basis the lab reported. ","")&IF(AND(ISNUMBER($J33),OR($J33<QC_BD_MIN,$J33>QC_BD_MAX)),"Bulk density outside "&QC_BD_MIN&"–"&QC_BD_MAX&" g/cm³ for peat. Above the top of that range usually means the mineral contact has been passed. ","")&IF(AND(ISNUMBER($N33),$N33>QC_CARBON_PCT_MAX),"Carbon above "&QC_CARBON_PCT_MAX&"% — check units; this may be organic matter rather than carbon. ","")&IF(AND($L33<>"",$M33<>""),"Both LOI and measured carbon given — the measured value is used. ","")&IF(AND($M33="",$L33<>"",OM_FACTOR_IS_LOCAL<>"Yes"),"Carbon derived from LOI using the default factor of "&CARBON_FRACTION_OM&", which has not been calibrated locally. See R1. Reference. ","")&IF(AND(ISNUMBER($O33),$O33=0,ISNUMBER($E33)),"Section lies entirely below the reference depth — it counts to the full-profile stock only. ",""))
G34: =IF(OR($E34="",$F34=""),"",$F34-$E34) | N34: =IF($M34<>"",$M34,IF($L34<>"",$L34*CARBON_FRACTION_OM,"")) | O34: =IF(OR($E34="",$F34=""),"",MAX(0,MIN($F34,REFERENCE_DEPTH_CM)-MIN($E34,REFERENCE_DEPTH_CM))) | P34: =IF(OR($J34="",$N34="",$G34=""),"",$J34*($N34/100)*$G34*10) | Q34: =IF(OR($J34="",$N34="",$O34=""),"",$J34*($N34/100)*$O34*10) | R34: =IF(OR(NOT(ISNUMBER($P34)),NOT(ISNUMBER($G34)),$G34=0),0,$P34/$G34) -> 0 | S34: =IF(OR($B34="",NOT(ISNUMBER($F34))),"",SUMIFS(community_cores_FS!$P$5:$P$597,community_cores_FS!$B$5:$B$597,$B34,community_cores_FS!$F$5:$F$597,"<="&$F34)) | T34: =IF(AND($A34="",$B34="",$E34=""),"",IF(AND($B34<>"",COUNTIF('2. Core Log'!$A$5:$A$124,$B34)=0),"Core ID not in Core Log. ","")&IF(AND($A34<>"",COUNTIF('1. Plot & Site Log'!$A$5:$A$64,$A34)=0),"Plot ID not in Plot & Site Log. ","")&IF(AND(ISNUMBER($E34),ISNUMBER($F34),$F34<=$E34),"Bottom depth is not below top depth. ","")&IF($I34="","Say which bulk-density basis the lab reported. ","")&IF(AND(ISNUMBER($J34),OR($J34<QC_BD_MIN,$J34>QC_BD_MAX)),"Bulk density outside "&QC_BD_MIN&"–"&QC_BD_MAX&" g/cm³ for peat. Above the top of that range usually means the mineral contact has been passed. ","")&IF(AND(ISNUMBER($N34),$N34>QC_CARBON_PCT_MAX),"Carbon above "&QC_CARBON_PCT_MAX&"% — check units; this may be organic matter rather than carbon. ","")&IF(AND($L34<>"",$M34<>""),"Both LOI and measured carbon given — the measured value is used. ","")&IF(AND($M34="",$L34<>"",OM_FACTOR_IS_LOCAL<>"Yes"),"Carbon derived from LOI using the default factor of "&CARBON_FRACTION_OM&", which has not been calibrated locally. See R1. Reference. ","")&IF(AND(ISNUMBER($O34),$O34=0,ISNUMBER($E34)),"Section lies entirely below the reference depth — it counts to the full-profile stock only. ",""))
G35: =IF(OR($E35="",$F35=""),"",$F35-$E35) | N35: =IF($M35<>"",$M35,IF($L35<>"",$L35*CARBON_FRACTION_OM,"")) | O35: =IF(OR($E35="",$F35=""),"",MAX(0,MIN($F35,REFERENCE_DEPTH_CM)-MIN($E35,REFERENCE_DEPTH_CM))) | P35: =IF(OR($J35="",$N35="",$G35=""),"",$J35*($N35/100)*$G35*10) | Q35: =IF(OR($J35="",$N35="",$O35=""),"",$J35*($N35/100)*$O35*10) | R35: =IF(OR(NOT(ISNUMBER($P35)),NOT(ISNUMBER($G35)),$G35=0),0,$P35/$G35) -> 0 | S35: =IF(OR($B35="",NOT(ISNUMBER($F35))),"",SUMIFS(community_cores_FS!$P$5:$P$597,community_cores_FS!$B$5:$B$597,$B35,community_cores_FS!$F$5:$F$597,"<="&$F35)) | T35: =IF(AND($A35="",$B35="",$E35=""),"",IF(AND($B35<>"",COUNTIF('2. Core Log'!$A$5:$A$124,$B35)=0),"Core ID not in Core Log. ","")&IF(AND($A35<>"",COUNTIF('1. Plot & Site Log'!$A$5:$A$64,$A35)=0),"Plot ID not in Plot & Site Log. ","")&IF(AND(ISNUMBER($E35),ISNUMBER($F35),$F35<=$E35),"Bottom depth is not below top depth. ","")&IF($I35="","Say which bulk-density basis the lab reported. ","")&IF(AND(ISNUMBER($J35),OR($J35<QC_BD_MIN,$J35>QC_BD_MAX)),"Bulk density outside "&QC_BD_MIN&"–"&QC_BD_MAX&" g/cm³ for peat. Above the top of that range usually means the mineral contact has been passed. ","")&IF(AND(ISNUMBER($N35),$N35>QC_CARBON_PCT_MAX),"Carbon above "&QC_CARBON_PCT_MAX&"% — check units; this may be organic matter rather than carbon. ","")&IF(AND($L35<>"",$M35<>""),"Both LOI and measured carbon given — the measured value is used. ","")&IF(AND($M35="",$L35<>"",OM_FACTOR_IS_LOCAL<>"Yes"),"Carbon derived from LOI using the default factor of "&CARBON_FRACTION_OM&", which has not been calibrated locally. See R1. Reference. ","")&IF(AND(ISNUMBER($O35),$O35=0,ISNUMBER($E35)),"Section lies entirely below the reference depth — it counts to the full-profile stock only. ",""))
G36: =IF(OR($E36="",$F36=""),"",$F36-$E36) | N36: =IF($M36<>"",$M36,IF($L36<>"",$L36*CARBON_FRACTION_OM,"")) | O36: =IF(OR($E36="",$F36=""),"",MAX(0,MIN($F36,REFERENCE_DEPTH_CM)-MIN($E36,REFERENCE_DEPTH_CM))) | P36: =IF(OR($J36="",$N36="",$G36=""),"",$J36*($N36/100)*$G36*10) | Q36: =IF(OR($J36="",$N36="",$O36=""),"",$J36*($N36/100)*$O36*10) | R36: =IF(OR(NOT(ISNUMBER($P36)),NOT(ISNUMBER($G36)),$G36=0),0,$P36/$G36) -> 0 | S36: =IF(OR($B36="",NOT(ISNUMBER($F36))),"",SUMIFS(community_cores_FS!$P$5:$P$597,community_cores_FS!$B$5:$B$597,$B36,community_cores_FS!$F$5:$F$597,"<="&$F36)) | T36: =IF(AND($A36="",$B36="",$E36=""),"",IF(AND($B36<>"",COUNTIF('2. Core Log'!$A$5:$A$124,$B36)=0),"Core ID not in Core Log. ","")&IF(AND($A36<>"",COUNTIF('1. Plot & Site Log'!$A$5:$A$64,$A36)=0),"Plot ID not in Plot & Site Log. ","")&IF(AND(ISNUMBER($E36),ISNUMBER($F36),$F36<=$E36),"Bottom depth is not below top depth. ","")&IF($I36="","Say which bulk-density basis the lab reported. ","")&IF(AND(ISNUMBER($J36),OR($J36<QC_BD_MIN,$J36>QC_BD_MAX)),"Bulk density outside "&QC_BD_MIN&"–"&QC_BD_MAX&" g/cm³ for peat. Above the top of that range usually means the mineral contact has been passed. ","")&IF(AND(ISNUMBER($N36),$N36>QC_CARBON_PCT_MAX),"Carbon above "&QC_CARBON_PCT_MAX&"% — check units; this may be organic matter rather than carbon. ","")&IF(AND($L36<>"",$M36<>""),"Both LOI and measured carbon given — the measured value is used. ","")&IF(AND($M36="",$L36<>"",OM_FACTOR_IS_LOCAL<>"Yes"),"Carbon derived from LOI using the default factor of "&CARBON_FRACTION_OM&", which has not been calibrated locally. See R1. Reference. ","")&IF(AND(ISNUMBER($O36),$O36=0,ISNUMBER($E36)),"Section lies entirely below the reference depth — it counts to the full-profile stock only. ",""))
G37: =IF(OR($E37="",$F37=""),"",$F37-$E37) | N37: =IF($M37<>"",$M37,IF($L37<>"",$L37*CARBON_FRACTION_OM,"")) | O37: =IF(OR($E37="",$F37=""),"",MAX(0,MIN($F37,REFERENCE_DEPTH_CM)-MIN($E37,REFERENCE_DEPTH_CM))) | P37: =IF(OR($J37="",$N37="",$G37=""),"",$J37*($N37/100)*$G37*10) | Q37: =IF(OR($J37="",$N37="",$O37=""),"",$J37*($N37/100)*$O37*10) | R37: =IF(OR(NOT(ISNUMBER($P37)),NOT(ISNUMBER($G37)),$G37=0),0,$P37/$G37) -> 0 | S37: =IF(OR($B37="",NOT(ISNUMBER($F37))),"",SUMIFS(community_cores_FS!$P$5:$P$597,community_cores_FS!$B$5:$B$597,$B37,community_cores_FS!$F$5:$F$597,"<="&$F37)) | T37: =IF(AND($A37="",$B37="",$E37=""),"",IF(AND($B37<>"",COUNTIF('2. Core Log'!$A$5:$A$124,$B37)=0),"Core ID not in Core Log. ","")&IF(AND($A37<>"",COUNTIF('1. Plot & Site Log'!$A$5:$A$64,$A37)=0),"Plot ID not in Plot & Site Log. ","")&IF(AND(ISNUMBER($E37),ISNUMBER($F37),$F37<=$E37),"Bottom depth is not below top depth. ","")&IF($I37="","Say which bulk-density basis the lab reported. ","")&IF(AND(ISNUMBER($J37),OR($J37<QC_BD_MIN,$J37>QC_BD_MAX)),"Bulk density outside "&QC_BD_MIN&"–"&QC_BD_MAX&" g/cm³ for peat. Above the top of that range usually means the mineral contact has been passed. ","")&IF(AND(ISNUMBER($N37),$N37>QC_CARBON_PCT_MAX),"Carbon above "&QC_CARBON_PCT_MAX&"% — check units; this may be organic matter rather than carbon. ","")&IF(AND($L37<>"",$M37<>""),"Both LOI and measured carbon given — the measured value is used. ","")&IF(AND($M37="",$L37<>"",OM_FACTOR_IS_LOCAL<>"Yes"),"Carbon derived from LOI using the default factor of "&CARBON_FRACTION_OM&", which has not been calibrated locally. See R1. Reference. ","")&IF(AND(ISNUMBER($O37),$O37=0,ISNUMBER($E37)),"Section lies entirely below the reference depth — it counts to the full-profile stock only. ",""))
G38: =IF(OR($E38="",$F38=""),"",$F38-$E38) | N38: =IF($M38<>"",$M38,IF($L38<>"",$L38*CARBON_FRACTION_OM,"")) | O38: =IF(OR($E38="",$F38=""),"",MAX(0,MIN($F38,REFERENCE_DEPTH_CM)-MIN($E38,REFERENCE_DEPTH_CM))) | P38: =IF(OR($J38="",$N38="",$G38=""),"",$J38*($N38/100)*$G38*10) | Q38: =IF(OR($J38="",$N38="",$O38=""),"",$J38*($N38/100)*$O38*10) | R38: =IF(OR(NOT(ISNUMBER($P38)),NOT(ISNUMBER($G38)),$G38=0),0,$P38/$G38) -> 0 | S38: =IF(OR($B38="",NOT(ISNUMBER($F38))),"",SUMIFS(community_cores_FS!$P$5:$P$597,community_cores_FS!$B$5:$B$597,$B38,community_cores_FS!$F$5:$F$597,"<="&$F38)) | T38: =IF(AND($A38="",$B38="",$E38=""),"",IF(AND($B38<>"",COUNTIF('2. Core Log'!$A$5:$A$124,$B38)=0),"Core ID not in Core Log. ","")&IF(AND($A38<>"",COUNTIF('1. Plot & Site Log'!$A$5:$A$64,$A38)=0),"Plot ID not in Plot & Site Log. ","")&IF(AND(ISNUMBER($E38),ISNUMBER($F38),$F38<=$E38),"Bottom depth is not below top depth. ","")&IF($I38="","Say which bulk-density basis the lab reported. ","")&IF(AND(ISNUMBER($J38),OR($J38<QC_BD_MIN,$J38>QC_BD_MAX)),"Bulk density outside "&QC_BD_MIN&"–"&QC_BD_MAX&" g/cm³ for peat. Above the top of that range usually means the mineral contact has been passed. ","")&IF(AND(ISNUMBER($N38),$N38>QC_CARBON_PCT_MAX),"Carbon above "&QC_CARBON_PCT_MAX&"% — check units; this may be organic matter rather than carbon. ","")&IF(AND($L38<>"",$M38<>""),"Both LOI and measured carbon given — the measured value is used. ","")&IF(AND($M38="",$L38<>"",OM_FACTOR_IS_LOCAL<>"Yes"),"Carbon derived from LOI using the default factor of "&CARBON_FRACTION_OM&", which has not been calibrated locally. See R1. Reference. ","")&IF(AND(ISNUMBER($O38),$O38=0,ISNUMBER($E38)),"Section lies entirely below the reference depth — it counts to the full-profile stock only. ",""))
... G597: =IF(OR($E597="",$F597=""),"",$F597-$E597) | N597: =IF($M597<>"",$M597,IF($L597<>"",$L597*CARBON_FRACTION_OM,"")) | O597: =IF(OR($E597="",$F597=""),"",MAX(0,MIN($F597,REFERENCE_DEPTH_CM)-MIN($E597,REFERENCE_DEPTH_CM))) | P597: =IF(OR($J597="",$N597="",$G597=""),"",$J597*($N597/100)*$G597*10) | Q597: =IF(OR($J597="",$N597="",$O597=""),"",$J597*($N597/100)*$O597*10) | R597: =IF(OR(NOT(ISNUMBER($P597)),NOT(ISNUMBER($G597)),$G597=0),0,$P597/$G597) -> 0 | S597: =IF(OR($B597="",NOT(ISNUMBER($F597))),"",SUMIFS(community_cores_FS!$P$5:$P$597,community_cores_FS!$B$5:$B$597,$B597,community_cores_FS!$F$5:$F$597,"<="&$F597)) | T597: =IF(AND($A597="",$B597="",$E597=""),"",IF(AND($B597<>"",COUNTIF('2. Core Log'!$A$5:$A$124,$B597)=0),"Core ID not in Core Log. ","")&IF(AND($A597<>"",COUNTIF('1. Plot & Site Log'!$A$5:$A$64,$A597)=0),"Plot ID not in Plot & Site Log. ","")&IF(AND(ISNUMBER($E597),ISNUMBER($F597),$F597<=$E597),"Bottom depth is not below top depth. ","")&IF($I597="","Say which bulk-density basis the lab reported. ","")&IF(AND(ISNUMBER($J597),OR($J597<QC_BD_MIN,$J597>QC_BD_MAX)),"Bulk density outside "&QC_BD_MIN&"–"&QC_BD_MAX&" g/cm³ for peat. Above the top of that range usually means the mineral contact has been passed. ","")&IF(AND(ISNUMBER($N597),$N597>QC_CARBON_PCT_MAX),"Carbon above "&QC_CARBON_PCT_MAX&"% — check units; this may be organic matter rather than carbon. ","")&IF(AND($L597<>"",$M597<>""),"Both LOI and measured carbon given — the measured value is used. ","")&IF(AND($M597="",$L597<>"",OM_FACTOR_IS_LOCAL<>"Yes"),"Carbon derived from LOI using the default factor of "&CARBON_FRACTION_OM&", which has not been calibrated locally. See R1. Reference. ","")&IF(AND(ISNUMBER($O597),$O597=0,ISNUMBER($E597)),"Section lies entirely below the reference depth — it counts to the full-profile stock only. ",""))

Sheet 4. Chronology
A1: CHRONOLOGY
A2: OPTIONAL — only if the core has been dated. ONE ROW PER DATED HORIZON. Age is in years BEFORE THE CORING YEAR, not years BP (which is referenced to 1950). The age-depth modelling itself happens in R — see Part 5 — and what you type here are its outputs. Carbon comes from the peat sheet, so nothing is entered twice.
A4: Core ID | B4: Depth (cm) | C4: Age (yr before coring) | D4: Age ± (yr) | E4: Date source | F4: Cumulative carbon at depth (kg C/m²) | G4: Interval SAR (cm/yr) | H4: Interval CAR (g C/m²/yr) | I4: QC flags | J4: _recent | K4: _prevdepth
F5: =IF(OR($A5="",NOT(ISNUMBER($B5))),"",SUMIFS(community_cores_FS!$P$5:$P$597,community_cores_FS!$B$5:$B$597,$A5,community_cores_FS!$F$5:$F$597,"<="&$B5)+SUMPRODUCT((community_cores_FS!$B$5:$B$597=$A5)*(community_cores_FS!$E$5:$E$597<$B5)*(community_cores_FS!$F$5:$F$597>$B5)*community_cores_FS!$R$5:$R$597*($B5-community_cores_FS!$E$5:$E$597))) | G5: =IF(OR($A5="",NOT(ISNUMBER($B5)),NOT(ISNUMBER($C5))),"",IFERROR(($B5-$K5)/($C5-IF($K5=0,0,SUMIFS('4. Chronology'!$C$5:$C$204,'4. Chronology'!$A$5:$A$204,$A5,'4. Chronology'!$B$5:$B$204,$K5))),"")) | H5: =IF(OR($A5="",NOT(ISNUMBER($F5)),NOT(ISNUMBER($C5))),"",IFERROR((($F5-IF($K5=0,0,SUMIFS('4. Chronology'!$F$5:$F$204,'4. Chronology'!$A$5:$A$204,$A5,'4. Chronology'!$B$5:$B$204,$K5)))*1000)/($C5-IF($K5=0,0,SUMIFS('4. Chronology'!$C$5:$C$204,'4. Chronology'!$A$5:$A$204,$A5,'4. Chronology'!$B$5:$B$204,$K5))),"")) | I5: =IF($A5="","",IF(COUNTIF('2. Core Log'!$A$5:$A$124,$A5)=0,"Core ID not in Core Log. ","")&IF($E5="","No date source given — RERCA and LORCA need to know which method produced this age. ","")&IF(AND(ISNUMBER($C5),$C5<0),"Negative age: this horizon post-dates the coring year. Check the conversion. ","")&IF(AND(ISNUMBER($G5),$G5<0),"Age reversal — this horizon is younger than one above it. A mixed or disturbed profile may not be datable at all. ","")&IF(AND(ISNUMBER($D5),ISNUMBER($C5),$C5>0,$D5/$C5>0.5),"Age uncertainty exceeds 50% of the age. Usable as an indication only. ","")&IF(AND($D5="",$C5<>""),"No uncertainty given. Every radiometric age has one; a rate without it cannot be defended. ","")) | J5: =IF($E5="",0,IF(OR(LEFT($E5,6)="Pb-210",LEFT($E5,6)="Cs-137"),1,0)) -> 0 | K5: =IF(OR($A5="",NOT(ISNUMBER($B5))),"",SUMPRODUCT(MAX(('4. Chronology'!$A$5:$A$204=$A5)*('4. Chronology'!$B$5:$B$204<$B5)*'4. Chronology'!$B$5:$B$204)))
F6: =IF(OR($A6="",NOT(ISNUMBER($B6))),"",SUMIFS(community_cores_FS!$P$5:$P$597,community_cores_FS!$B$5:$B$597,$A6,community_cores_FS!$F$5:$F$597,"<="&$B6)+SUMPRODUCT((community_cores_FS!$B$5:$B$597=$A6)*(community_cores_FS!$E$5:$E$597<$B6)*(community_cores_FS!$F$5:$F$597>$B6)*community_cores_FS!$R$5:$R$597*($B6-community_cores_FS!$E$5:$E$597))) | G6: =IF(OR($A6="",NOT(ISNUMBER($B6)),NOT(ISNUMBER($C6))),"",IFERROR(($B6-$K6)/($C6-IF($K6=0,0,SUMIFS('4. Chronology'!$C$5:$C$204,'4. Chronology'!$A$5:$A$204,$A6,'4. Chronology'!$B$5:$B$204,$K6))),"")) | H6: =IF(OR($A6="",NOT(ISNUMBER($F6)),NOT(ISNUMBER($C6))),"",IFERROR((($F6-IF($K6=0,0,SUMIFS('4. Chronology'!$F$5:$F$204,'4. Chronology'!$A$5:$A$204,$A6,'4. Chronology'!$B$5:$B$204,$K6)))*1000)/($C6-IF($K6=0,0,SUMIFS('4. Chronology'!$C$5:$C$204,'4. Chronology'!$A$5:$A$204,$A6,'4. Chronology'!$B$5:$B$204,$K6))),"")) | I6: =IF($A6="","",IF(COUNTIF('2. Core Log'!$A$5:$A$124,$A6)=0,"Core ID not in Core Log. ","")&IF($E6="","No date source given — RERCA and LORCA need to know which method produced this age. ","")&IF(AND(ISNUMBER($C6),$C6<0),"Negative age: this horizon post-dates the coring year. Check the conversion. ","")&IF(AND(ISNUMBER($G6),$G6<0),"Age reversal — this horizon is younger than one above it. A mixed or disturbed profile may not be datable at all. ","")&IF(AND(ISNUMBER($D6),ISNUMBER($C6),$C6>0,$D6/$C6>0.5),"Age uncertainty exceeds 50% of the age. Usable as an indication only. ","")&IF(AND($D6="",$C6<>""),"No uncertainty given. Every radiometric age has one; a rate without it cannot be defended. ","")) | J6: =IF($E6="",0,IF(OR(LEFT($E6,6)="Pb-210",LEFT($E6,6)="Cs-137"),1,0)) -> 0 | K6: =IF(OR($A6="",NOT(ISNUMBER($B6))),"",SUMPRODUCT(MAX(('4. Chronology'!$A$5:$A$204=$A6)*('4. Chronology'!$B$5:$B$204<$B6)*'4. Chronology'!$B$5:$B$204)))
F7: =IF(OR($A7="",NOT(ISNUMBER($B7))),"",SUMIFS(community_cores_FS!$P$5:$P$597,community_cores_FS!$B$5:$B$597,$A7,community_cores_FS!$F$5:$F$597,"<="&$B7)+SUMPRODUCT((community_cores_FS!$B$5:$B$597=$A7)*(community_cores_FS!$E$5:$E$597<$B7)*(community_cores_FS!$F$5:$F$597>$B7)*community_cores_FS!$R$5:$R$597*($B7-community_cores_FS!$E$5:$E$597))) | G7: =IF(OR($A7="",NOT(ISNUMBER($B7)),NOT(ISNUMBER($C7))),"",IFERROR(($B7-$K7)/($C7-IF($K7=0,0,SUMIFS('4. Chronology'!$C$5:$C$204,'4. Chronology'!$A$5:$A$204,$A7,'4. Chronology'!$B$5:$B$204,$K7))),"")) | H7: =IF(OR($A7="",NOT(ISNUMBER($F7)),NOT(ISNUMBER($C7))),"",IFERROR((($F7-IF($K7=0,0,SUMIFS('4. Chronology'!$F$5:$F$204,'4. Chronology'!$A$5:$A$204,$A7,'4. Chronology'!$B$5:$B$204,$K7)))*1000)/($C7-IF($K7=0,0,SUMIFS('4. Chronology'!$C$5:$C$204,'4. Chronology'!$A$5:$A$204,$A7,'4. Chronology'!$B$5:$B$204,$K7))),"")) | I7: =IF($A7="","",IF(COUNTIF('2. Core Log'!$A$5:$A$124,$A7)=0,"Core ID not in Core Log. ","")&IF($E7="","No date source given — RERCA and LORCA need to know which method produced this age. ","")&IF(AND(ISNUMBER($C7),$C7<0),"Negative age: this horizon post-dates the coring year. Check the conversion. ","")&IF(AND(ISNUMBER($G7),$G7<0),"Age reversal — this horizon is younger than one above it. A mixed or disturbed profile may not be datable at all. ","")&IF(AND(ISNUMBER($D7),ISNUMBER($C7),$C7>0,$D7/$C7>0.5),"Age uncertainty exceeds 50% of the age. Usable as an indication only. ","")&IF(AND($D7="",$C7<>""),"No uncertainty given. Every radiometric age has one; a rate without it cannot be defended. ","")) | J7: =IF($E7="",0,IF(OR(LEFT($E7,6)="Pb-210",LEFT($E7,6)="Cs-137"),1,0)) -> 0 | K7: =IF(OR($A7="",NOT(ISNUMBER($B7))),"",SUMPRODUCT(MAX(('4. Chronology'!$A$5:$A$204=$A7)*('4. Chronology'!$B$5:$B$204<$B7)*'4. Chronology'!$B$5:$B$204)))
F8: =IF(OR($A8="",NOT(ISNUMBER($B8))),"",SUMIFS(community_cores_FS!$P$5:$P$597,community_cores_FS!$B$5:$B$597,$A8,community_cores_FS!$F$5:$F$597,"<="&$B8)+SUMPRODUCT((community_cores_FS!$B$5:$B$597=$A8)*(community_cores_FS!$E$5:$E$597<$B8)*(community_cores_FS!$F$5:$F$597>$B8)*community_cores_FS!$R$5:$R$597*($B8-community_cores_FS!$E$5:$E$597))) | G8: =IF(OR($A8="",NOT(ISNUMBER($B8)),NOT(ISNUMBER($C8))),"",IFERROR(($B8-$K8)/($C8-IF($K8=0,0,SUMIFS('4. Chronology'!$C$5:$C$204,'4. Chronology'!$A$5:$A$204,$A8,'4. Chronology'!$B$5:$B$204,$K8))),"")) | H8: =IF(OR($A8="",NOT(ISNUMBER($F8)),NOT(ISNUMBER($C8))),"",IFERROR((($F8-IF($K8=0,0,SUMIFS('4. Chronology'!$F$5:$F$204,'4. Chronology'!$A$5:$A$204,$A8,'4. Chronology'!$B$5:$B$204,$K8)))*1000)/($C8-IF($K8=0,0,SUMIFS('4. Chronology'!$C$5:$C$204,'4. Chronology'!$A$5:$A$204,$A8,'4. Chronology'!$B$5:$B$204,$K8))),"")) | I8: =IF($A8="","",IF(COUNTIF('2. Core Log'!$A$5:$A$124,$A8)=0,"Core ID not in Core Log. ","")&IF($E8="","No date source given — RERCA and LORCA need to know which method produced this age. ","")&IF(AND(ISNUMBER($C8),$C8<0),"Negative age: this horizon post-dates the coring year. Check the conversion. ","")&IF(AND(ISNUMBER($G8),$G8<0),"Age reversal — this horizon is younger than one above it. A mixed or disturbed profile may not be datable at all. ","")&IF(AND(ISNUMBER($D8),ISNUMBER($C8),$C8>0,$D8/$C8>0.5),"Age uncertainty exceeds 50% of the age. Usable as an indication only. ","")&IF(AND($D8="",$C8<>""),"No uncertainty given. Every radiometric age has one; a rate without it cannot be defended. ","")) | J8: =IF($E8="",0,IF(OR(LEFT($E8,6)="Pb-210",LEFT($E8,6)="Cs-137"),1,0)) -> 0 | K8: =IF(OR($A8="",NOT(ISNUMBER($B8))),"",SUMPRODUCT(MAX(('4. Chronology'!$A$5:$A$204=$A8)*('4. Chronology'!$B$5:$B$204<$B8)*'4. Chronology'!$B$5:$B$204)))
F9: =IF(OR($A9="",NOT(ISNUMBER($B9))),"",SUMIFS(community_cores_FS!$P$5:$P$597,community_cores_FS!$B$5:$B$597,$A9,community_cores_FS!$F$5:$F$597,"<="&$B9)+SUMPRODUCT((community_cores_FS!$B$5:$B$597=$A9)*(community_cores_FS!$E$5:$E$597<$B9)*(community_cores_FS!$F$5:$F$597>$B9)*community_cores_FS!$R$5:$R$597*($B9-community_cores_FS!$E$5:$E$597))) | G9: =IF(OR($A9="",NOT(ISNUMBER($B9)),NOT(ISNUMBER($C9))),"",IFERROR(($B9-$K9)/($C9-IF($K9=0,0,SUMIFS('4. Chronology'!$C$5:$C$204,'4. Chronology'!$A$5:$A$204,$A9,'4. Chronology'!$B$5:$B$204,$K9))),"")) | H9: =IF(OR($A9="",NOT(ISNUMBER($F9)),NOT(ISNUMBER($C9))),"",IFERROR((($F9-IF($K9=0,0,SUMIFS('4. Chronology'!$F$5:$F$204,'4. Chronology'!$A$5:$A$204,$A9,'4. Chronology'!$B$5:$B$204,$K9)))*1000)/($C9-IF($K9=0,0,SUMIFS('4. Chronology'!$C$5:$C$204,'4. Chronology'!$A$5:$A$204,$A9,'4. Chronology'!$B$5:$B$204,$K9))),"")) | I9: =IF($A9="","",IF(COUNTIF('2. Core Log'!$A$5:$A$124,$A9)=0,"Core ID not in Core Log. ","")&IF($E9="","No date source given — RERCA and LORCA need to know which method produced this age. ","")&IF(AND(ISNUMBER($C9),$C9<0),"Negative age: this horizon post-dates the coring year. Check the conversion. ","")&IF(AND(ISNUMBER($G9),$G9<0),"Age reversal — this horizon is younger than one above it. A mixed or disturbed profile may not be datable at all. ","")&IF(AND(ISNUMBER($D9),ISNUMBER($C9),$C9>0,$D9/$C9>0.5),"Age uncertainty exceeds 50% of the age. Usable as an indication only. ","")&IF(AND($D9="",$C9<>""),"No uncertainty given. Every radiometric age has one; a rate without it cannot be defended. ","")) | J9: =IF($E9="",0,IF(OR(LEFT($E9,6)="Pb-210",LEFT($E9,6)="Cs-137"),1,0)) -> 0 | K9: =IF(OR($A9="",NOT(ISNUMBER($B9))),"",SUMPRODUCT(MAX(('4. Chronology'!$A$5:$A$204=$A9)*('4. Chronology'!$B$5:$B$204<$B9)*'4. Chronology'!$B$5:$B$204)))
F10: =IF(OR($A10="",NOT(ISNUMBER($B10))),"",SUMIFS(community_cores_FS!$P$5:$P$597,community_cores_FS!$B$5:$B$597,$A10,community_cores_FS!$F$5:$F$597,"<="&$B10)+SUMPRODUCT((community_cores_FS!$B$5:$B$597=$A10)*(community_cores_FS!$E$5:$E$597<$B10)*(community_cores_FS!$F$5:$F$597>$B10)*community_cores_FS!$R$5:$R$597*($B10-community_cores_FS!$E$5:$E$597))) | G10: =IF(OR($A10="",NOT(ISNUMBER($B10)),NOT(ISNUMBER($C10))),"",IFERROR(($B10-$K10)/($C10-IF($K10=0,0,SUMIFS('4. Chronology'!$C$5:$C$204,'4. Chronology'!$A$5:$A$204,$A10,'4. Chronology'!$B$5:$B$204,$K10))),"")) | H10: =IF(OR($A10="",NOT(ISNUMBER($F10)),NOT(ISNUMBER($C10))),"",IFERROR((($F10-IF($K10=0,0,SUMIFS('4. Chronology'!$F$5:$F$204,'4. Chronology'!$A$5:$A$204,$A10,'4. Chronology'!$B$5:$B$204,$K10)))*1000)/($C10-IF($K10=0,0,SUMIFS('4. Chronology'!$C$5:$C$204,'4. Chronology'!$A$5:$A$204,$A10,'4. Chronology'!$B$5:$B$204,$K10))),"")) | I10: =IF($A10="","",IF(COUNTIF('2. Core Log'!$A$5:$A$124,$A10)=0,"Core ID not in Core Log. ","")&IF($E10="","No date source given — RERCA and LORCA need to know which method produced this age. ","")&IF(AND(ISNUMBER($C10),$C10<0),"Negative age: this horizon post-dates the coring year. Check the conversion. ","")&IF(AND(ISNUMBER($G10),$G10<0),"Age reversal — this horizon is younger than one above it. A mixed or disturbed profile may not be datable at all. ","")&IF(AND(ISNUMBER($D10),ISNUMBER($C10),$C10>0,$D10/$C10>0.5),"Age uncertainty exceeds 50% of the age. Usable as an indication only. ","")&IF(AND($D10="",$C10<>""),"No uncertainty given. Every radiometric age has one; a rate without it cannot be defended. ","")) | J10: =IF($E10="",0,IF(OR(LEFT($E10,6)="Pb-210",LEFT($E10,6)="Cs-137"),1,0)) -> 0 | K10: =IF(OR($A10="",NOT(ISNUMBER($B10))),"",SUMPRODUCT(MAX(('4. Chronology'!$A$5:$A$204=$A10)*('4. Chronology'!$B$5:$B$204<$B10)*'4. Chronology'!$B$5:$B$204)))
F11: =IF(OR($A11="",NOT(ISNUMBER($B11))),"",SUMIFS(community_cores_FS!$P$5:$P$597,community_cores_FS!$B$5:$B$597,$A11,community_cores_FS!$F$5:$F$597,"<="&$B11)+SUMPRODUCT((community_cores_FS!$B$5:$B$597=$A11)*(community_cores_FS!$E$5:$E$597<$B11)*(community_cores_FS!$F$5:$F$597>$B11)*community_cores_FS!$R$5:$R$597*($B11-community_cores_FS!$E$5:$E$597))) | G11: =IF(OR($A11="",NOT(ISNUMBER($B11)),NOT(ISNUMBER($C11))),"",IFERROR(($B11-$K11)/($C11-IF($K11=0,0,SUMIFS('4. Chronology'!$C$5:$C$204,'4. Chronology'!$A$5:$A$204,$A11,'4. Chronology'!$B$5:$B$204,$K11))),"")) | H11: =IF(OR($A11="",NOT(ISNUMBER($F11)),NOT(ISNUMBER($C11))),"",IFERROR((($F11-IF($K11=0,0,SUMIFS('4. Chronology'!$F$5:$F$204,'4. Chronology'!$A$5:$A$204,$A11,'4. Chronology'!$B$5:$B$204,$K11)))*1000)/($C11-IF($K11=0,0,SUMIFS('4. Chronology'!$C$5:$C$204,'4. Chronology'!$A$5:$A$204,$A11,'4. Chronology'!$B$5:$B$204,$K11))),"")) | I11: =IF($A11="","",IF(COUNTIF('2. Core Log'!$A$5:$A$124,$A11)=0,"Core ID not in Core Log. ","")&IF($E11="","No date source given — RERCA and LORCA need to know which method produced this age. ","")&IF(AND(ISNUMBER($C11),$C11<0),"Negative age: this horizon post-dates the coring year. Check the conversion. ","")&IF(AND(ISNUMBER($G11),$G11<0),"Age reversal — this horizon is younger than one above it. A mixed or disturbed profile may not be datable at all. ","")&IF(AND(ISNUMBER($D11),ISNUMBER($C11),$C11>0,$D11/$C11>0.5),"Age uncertainty exceeds 50% of the age. Usable as an indication only. ","")&IF(AND($D11="",$C11<>""),"No uncertainty given. Every radiometric age has one; a rate without it cannot be defended. ","")) | J11: =IF($E11="",0,IF(OR(LEFT($E11,6)="Pb-210",LEFT($E11,6)="Cs-137"),1,0)) -> 0 | K11: =IF(OR($A11="",NOT(ISNUMBER($B11))),"",SUMPRODUCT(MAX(('4. Chronology'!$A$5:$A$204=$A11)*('4. Chronology'!$B$5:$B$204<$B11)*'4. Chronology'!$B$5:$B$204)))
F12: =IF(OR($A12="",NOT(ISNUMBER($B12))),"",SUMIFS(community_cores_FS!$P$5:$P$597,community_cores_FS!$B$5:$B$597,$A12,community_cores_FS!$F$5:$F$597,"<="&$B12)+SUMPRODUCT((community_cores_FS!$B$5:$B$597=$A12)*(community_cores_FS!$E$5:$E$597<$B12)*(community_cores_FS!$F$5:$F$597>$B12)*community_cores_FS!$R$5:$R$597*($B12-community_cores_FS!$E$5:$E$597))) | G12: =IF(OR($A12="",NOT(ISNUMBER($B12)),NOT(ISNUMBER($C12))),"",IFERROR(($B12-$K12)/($C12-IF($K12=0,0,SUMIFS('4. Chronology'!$C$5:$C$204,'4. Chronology'!$A$5:$A$204,$A12,'4. Chronology'!$B$5:$B$204,$K12))),"")) | H12: =IF(OR($A12="",NOT(ISNUMBER($F12)),NOT(ISNUMBER($C12))),"",IFERROR((($F12-IF($K12=0,0,SUMIFS('4. Chronology'!$F$5:$F$204,'4. Chronology'!$A$5:$A$204,$A12,'4. Chronology'!$B$5:$B$204,$K12)))*1000)/($C12-IF($K12=0,0,SUMIFS('4. Chronology'!$C$5:$C$204,'4. Chronology'!$A$5:$A$204,$A12,'4. Chronology'!$B$5:$B$204,$K12))),"")) | I12: =IF($A12="","",IF(COUNTIF('2. Core Log'!$A$5:$A$124,$A12)=0,"Core ID not in Core Log. ","")&IF($E12="","No date source given — RERCA and LORCA need to know which method produced this age. ","")&IF(AND(ISNUMBER($C12),$C12<0),"Negative age: this horizon post-dates the coring year. Check the conversion. ","")&IF(AND(ISNUMBER($G12),$G12<0),"Age reversal — this horizon is younger than one above it. A mixed or disturbed profile may not be datable at all. ","")&IF(AND(ISNUMBER($D12),ISNUMBER($C12),$C12>0,$D12/$C12>0.5),"Age uncertainty exceeds 50% of the age. Usable as an indication only. ","")&IF(AND($D12="",$C12<>""),"No uncertainty given. Every radiometric age has one; a rate without it cannot be defended. ","")) | J12: =IF($E12="",0,IF(OR(LEFT($E12,6)="Pb-210",LEFT($E12,6)="Cs-137"),1,0)) -> 0 | K12: =IF(OR($A12="",NOT(ISNUMBER($B12))),"",SUMPRODUCT(MAX(('4. Chronology'!$A$5:$A$204=$A12)*('4. Chronology'!$B$5:$B$204<$B12)*'4. Chronology'!$B$5:$B$204)))
F13: =IF(OR($A13="",NOT(ISNUMBER($B13))),"",SUMIFS(community_cores_FS!$P$5:$P$597,community_cores_FS!$B$5:$B$597,$A13,community_cores_FS!$F$5:$F$597,"<="&$B13)+SUMPRODUCT((community_cores_FS!$B$5:$B$597=$A13)*(community_cores_FS!$E$5:$E$597<$B13)*(community_cores_FS!$F$5:$F$597>$B13)*community_cores_FS!$R$5:$R$597*($B13-community_cores_FS!$E$5:$E$597))) | G13: =IF(OR($A13="",NOT(ISNUMBER($B13)),NOT(ISNUMBER($C13))),"",IFERROR(($B13-$K13)/($C13-IF($K13=0,0,SUMIFS('4. Chronology'!$C$5:$C$204,'4. Chronology'!$A$5:$A$204,$A13,'4. Chronology'!$B$5:$B$204,$K13))),"")) | H13: =IF(OR($A13="",NOT(ISNUMBER($F13)),NOT(ISNUMBER($C13))),"",IFERROR((($F13-IF($K13=0,0,SUMIFS('4. Chronology'!$F$5:$F$204,'4. Chronology'!$A$5:$A$204,$A13,'4. Chronology'!$B$5:$B$204,$K13)))*1000)/($C13-IF($K13=0,0,SUMIFS('4. Chronology'!$C$5:$C$204,'4. Chronology'!$A$5:$A$204,$A13,'4. Chronology'!$B$5:$B$204,$K13))),"")) | I13: =IF($A13="","",IF(COUNTIF('2. Core Log'!$A$5:$A$124,$A13)=0,"Core ID not in Core Log. ","")&IF($E13="","No date source given — RERCA and LORCA need to know which method produced this age. ","")&IF(AND(ISNUMBER($C13),$C13<0),"Negative age: this horizon post-dates the coring year. Check the conversion. ","")&IF(AND(ISNUMBER($G13),$G13<0),"Age reversal — this horizon is younger than one above it. A mixed or disturbed profile may not be datable at all. ","")&IF(AND(ISNUMBER($D13),ISNUMBER($C13),$C13>0,$D13/$C13>0.5),"Age uncertainty exceeds 50% of the age. Usable as an indication only. ","")&IF(AND($D13="",$C13<>""),"No uncertainty given. Every radiometric age has one; a rate without it cannot be defended. ","")) | J13: =IF($E13="",0,IF(OR(LEFT($E13,6)="Pb-210",LEFT($E13,6)="Cs-137"),1,0)) -> 0 | K13: =IF(OR($A13="",NOT(ISNUMBER($B13))),"",SUMPRODUCT(MAX(('4. Chronology'!$A$5:$A$204=$A13)*('4. Chronology'!$B$5:$B$204<$B13)*'4. Chronology'!$B$5:$B$204)))
F14: =IF(OR($A14="",NOT(ISNUMBER($B14))),"",SUMIFS(community_cores_FS!$P$5:$P$597,community_cores_FS!$B$5:$B$597,$A14,community_cores_FS!$F$5:$F$597,"<="&$B14)+SUMPRODUCT((community_cores_FS!$B$5:$B$597=$A14)*(community_cores_FS!$E$5:$E$597<$B14)*(community_cores_FS!$F$5:$F$597>$B14)*community_cores_FS!$R$5:$R$597*($B14-community_cores_FS!$E$5:$E$597))) | G14: =IF(OR($A14="",NOT(ISNUMBER($B14)),NOT(ISNUMBER($C14))),"",IFERROR(($B14-$K14)/($C14-IF($K14=0,0,SUMIFS('4. Chronology'!$C$5:$C$204,'4. Chronology'!$A$5:$A$204,$A14,'4. Chronology'!$B$5:$B$204,$K14))),"")) | H14: =IF(OR($A14="",NOT(ISNUMBER($F14)),NOT(ISNUMBER($C14))),"",IFERROR((($F14-IF($K14=0,0,SUMIFS('4. Chronology'!$F$5:$F$204,'4. Chronology'!$A$5:$A$204,$A14,'4. Chronology'!$B$5:$B$204,$K14)))*1000)/($C14-IF($K14=0,0,SUMIFS('4. Chronology'!$C$5:$C$204,'4. Chronology'!$A$5:$A$204,$A14,'4. Chronology'!$B$5:$B$204,$K14))),"")) | I14: =IF($A14="","",IF(COUNTIF('2. Core Log'!$A$5:$A$124,$A14)=0,"Core ID not in Core Log. ","")&IF($E14="","No date source given — RERCA and LORCA need to know which method produced this age. ","")&IF(AND(ISNUMBER($C14),$C14<0),"Negative age: this horizon post-dates the coring year. Check the conversion. ","")&IF(AND(ISNUMBER($G14),$G14<0),"Age reversal — this horizon is younger than one above it. A mixed or disturbed profile may not be datable at all. ","")&IF(AND(ISNUMBER($D14),ISNUMBER($C14),$C14>0,$D14/$C14>0.5),"Age uncertainty exceeds 50% of the age. Usable as an indication only. ","")&IF(AND($D14="",$C14<>""),"No uncertainty given. Every radiometric age has one; a rate without it cannot be defended. ","")) | J14: =IF($E14="",0,IF(OR(LEFT($E14,6)="Pb-210",LEFT($E14,6)="Cs-137"),1,0)) -> 0 | K14: =IF(OR($A14="",NOT(ISNUMBER($B14))),"",SUMPRODUCT(MAX(('4. Chronology'!$A$5:$A$204=$A14)*('4. Chronology'!$B$5:$B$204<$B14)*'4. Chronology'!$B$5:$B$204)))
F15: =IF(OR($A15="",NOT(ISNUMBER($B15))),"",SUMIFS(community_cores_FS!$P$5:$P$597,community_cores_FS!$B$5:$B$597,$A15,community_cores_FS!$F$5:$F$597,"<="&$B15)+SUMPRODUCT((community_cores_FS!$B$5:$B$597=$A15)*(community_cores_FS!$E$5:$E$597<$B15)*(community_cores_FS!$F$5:$F$597>$B15)*community_cores_FS!$R$5:$R$597*($B15-community_cores_FS!$E$5:$E$597))) | G15: =IF(OR($A15="",NOT(ISNUMBER($B15)),NOT(ISNUMBER($C15))),"",IFERROR(($B15-$K15)/($C15-IF($K15=0,0,SUMIFS('4. Chronology'!$C$5:$C$204,'4. Chronology'!$A$5:$A$204,$A15,'4. Chronology'!$B$5:$B$204,$K15))),"")) | H15: =IF(OR($A15="",NOT(ISNUMBER($F15)),NOT(ISNUMBER($C15))),"",IFERROR((($F15-IF($K15=0,0,SUMIFS('4. Chronology'!$F$5:$F$204,'4. Chronology'!$A$5:$A$204,$A15,'4. Chronology'!$B$5:$B$204,$K15)))*1000)/($C15-IF($K15=0,0,SUMIFS('4. Chronology'!$C$5:$C$204,'4. Chronology'!$A$5:$A$204,$A15,'4. Chronology'!$B$5:$B$204,$K15))),"")) | I15: =IF($A15="","",IF(COUNTIF('2. Core Log'!$A$5:$A$124,$A15)=0,"Core ID not in Core Log. ","")&IF($E15="","No date source given — RERCA and LORCA need to know which method produced this age. ","")&IF(AND(ISNUMBER($C15),$C15<0),"Negative age: this horizon post-dates the coring year. Check the conversion. ","")&IF(AND(ISNUMBER($G15),$G15<0),"Age reversal — this horizon is younger than one above it. A mixed or disturbed profile may not be datable at all. ","")&IF(AND(ISNUMBER($D15),ISNUMBER($C15),$C15>0,$D15/$C15>0.5),"Age uncertainty exceeds 50% of the age. Usable as an indication only. ","")&IF(AND($D15="",$C15<>""),"No uncertainty given. Every radiometric age has one; a rate without it cannot be defended. ","")) | J15: =IF($E15="",0,IF(OR(LEFT($E15,6)="Pb-210",LEFT($E15,6)="Cs-137"),1,0)) -> 0 | K15: =IF(OR($A15="",NOT(ISNUMBER($B15))),"",SUMPRODUCT(MAX(('4. Chronology'!$A$5:$A$204=$A15)*('4. Chronology'!$B$5:$B$204<$B15)*'4. Chronology'!$B$5:$B$204)))
F16: =IF(OR($A16="",NOT(ISNUMBER($B16))),"",SUMIFS(community_cores_FS!$P$5:$P$597,community_cores_FS!$B$5:$B$597,$A16,community_cores_FS!$F$5:$F$597,"<="&$B16)+SUMPRODUCT((community_cores_FS!$B$5:$B$597=$A16)*(community_cores_FS!$E$5:$E$597<$B16)*(community_cores_FS!$F$5:$F$597>$B16)*community_cores_FS!$R$5:$R$597*($B16-community_cores_FS!$E$5:$E$597))) | G16: =IF(OR($A16="",NOT(ISNUMBER($B16)),NOT(ISNUMBER($C16))),"",IFERROR(($B16-$K16)/($C16-IF($K16=0,0,SUMIFS('4. Chronology'!$C$5:$C$204,'4. Chronology'!$A$5:$A$204,$A16,'4. Chronology'!$B$5:$B$204,$K16))),"")) | H16: =IF(OR($A16="",NOT(ISNUMBER($F16)),NOT(ISNUMBER($C16))),"",IFERROR((($F16-IF($K16=0,0,SUMIFS('4. Chronology'!$F$5:$F$204,'4. Chronology'!$A$5:$A$204,$A16,'4. Chronology'!$B$5:$B$204,$K16)))*1000)/($C16-IF($K16=0,0,SUMIFS('4. Chronology'!$C$5:$C$204,'4. Chronology'!$A$5:$A$204,$A16,'4. Chronology'!$B$5:$B$204,$K16))),"")) | I16: =IF($A16="","",IF(COUNTIF('2. Core Log'!$A$5:$A$124,$A16)=0,"Core ID not in Core Log. ","")&IF($E16="","No date source given — RERCA and LORCA need to know which method produced this age. ","")&IF(AND(ISNUMBER($C16),$C16<0),"Negative age: this horizon post-dates the coring year. Check the conversion. ","")&IF(AND(ISNUMBER($G16),$G16<0),"Age reversal — this horizon is younger than one above it. A mixed or disturbed profile may not be datable at all. ","")&IF(AND(ISNUMBER($D16),ISNUMBER($C16),$C16>0,$D16/$C16>0.5),"Age uncertainty exceeds 50% of the age. Usable as an indication only. ","")&IF(AND($D16="",$C16<>""),"No uncertainty given. Every radiometric age has one; a rate without it cannot be defended. ","")) | J16: =IF($E16="",0,IF(OR(LEFT($E16,6)="Pb-210",LEFT($E16,6)="Cs-137"),1,0)) -> 0 | K16: =IF(OR($A16="",NOT(ISNUMBER($B16))),"",SUMPRODUCT(MAX(('4. Chronology'!$A$5:$A$204=$A16)*('4. Chronology'!$B$5:$B$204<$B16)*'4. Chronology'!$B$5:$B$204)))
... F204: =IF(OR($A204="",NOT(ISNUMBER($B204))),"",SUMIFS(community_cores_FS!$P$5:$P$597,community_cores_FS!$B$5:$B$597,$A204,community_cores_FS!$F$5:$F$597,"<="&$B204)+SUMPRODUCT((community_cores_FS!$B$5:$B$597=$A204)*(community_cores_FS!$E$5:$E$597<$B204)*(community_cores_FS!$F$5:$F$597>$B204)*community_cores_FS!$R$5:$R$597*($B204-community_cores_FS!$E$5:$E$597))) | G204: =IF(OR($A204="",NOT(ISNUMBER($B204)),NOT(ISNUMBER($C204))),"",IFERROR(($B204-$K204)/($C204-IF($K204=0,0,SUMIFS('4. Chronology'!$C$5:$C$204,'4. Chronology'!$A$5:$A$204,$A204,'4. Chronology'!$B$5:$B$204,$K204))),"")) | H204: =IF(OR($A204="",NOT(ISNUMBER($F204)),NOT(ISNUMBER($C204))),"",IFERROR((($F204-IF($K204=0,0,SUMIFS('4. Chronology'!$F$5:$F$204,'4. Chronology'!$A$5:$A$204,$A204,'4. Chronology'!$B$5:$B$204,$K204)))*1000)/($C204-IF($K204=0,0,SUMIFS('4. Chronology'!$C$5:$C$204,'4. Chronology'!$A$5:$A$204,$A204,'4. Chronology'!$B$5:$B$204,$K204))),"")) | I204: =IF($A204="","",IF(COUNTIF('2. Core Log'!$A$5:$A$124,$A204)=0,"Core ID not in Core Log. ","")&IF($E204="","No date source given — RERCA and LORCA need to know which method produced this age. ","")&IF(AND(ISNUMBER($C204),$C204<0),"Negative age: this horizon post-dates the coring year. Check the conversion. ","")&IF(AND(ISNUMBER($G204),$G204<0),"Age reversal — this horizon is younger than one above it. A mixed or disturbed profile may not be datable at all. ","")&IF(AND(ISNUMBER($D204),ISNUMBER($C204),$C204>0,$D204/$C204>0.5),"Age uncertainty exceeds 50% of the age. Usable as an indication only. ","")&IF(AND($D204="",$C204<>""),"No uncertainty given. Every radiometric age has one; a rate without it cannot be defended. ","")) | J204: =IF($E204="",0,IF(OR(LEFT($E204,6)="Pb-210",LEFT($E204,6)="Cs-137"),1,0)) -> 0 | K204: =IF(OR($A204="",NOT(ISNUMBER($B204))),"",SUMPRODUCT(MAX(('4. Chronology'!$A$5:$A$204=$A204)*('4. Chronology'!$B$5:$B$204<$B204)*'4. Chronology'!$B$5:$B$204)))
A207: ACCUMULATION RATES — one row per core, calculated from the horizons above
A208: LORCA is the whole-profile average: all the carbon in the core divided by the age at its base. RERCA covers only the recent, Pb-210/Cs-137-dated part near the surface. They answer different questions and are not interchangeable — read the flag in the last column before comparing them.
A209: Core ID | B209: Basal age (yr) | C209: Profile carbon (kg C/m²) | D209: LORCA (g C/m²/yr) | E209: Recent horizon depth (cm) | F209: Recent horizon age (yr) | G209: Carbon above it (kg C/m²) | H209: RERCA (g C/m²/yr) | I209: RERCA ÷ LORCA | J209: QC flags | K209: Notes
A210: {=IF(INDEX('2. Core Log'!$A$5:$A$124,ROW()-209)="","",INDEX('2. Core Log'!$A$5:$A$124,ROW()-209))} -> PM-01-A | B210: =IF($A210="","",IF(SUMPRODUCT(('4. Chronology'!$A$5:$A$204=$A210)*'4. Chronology'!$C$5:$C$204)=0,"",SUMPRODUCT(MAX(('4. Chronology'!$A$5:$A$204=$A210)*'4. Chronology'!$C$5:$C$204)))) | C210: {=IF($A210="","",IFERROR(INDEX('2. Core Log'!$R$5:$R$124,MATCH($A210,'2. Core Log'!$A$5:$A$124,0)),""))} -> 3.0578035 | D210: =IF(OR(NOT(ISNUMBER($B210)),NOT(ISNUMBER($C210)),$B210=0),"",$C210*1000/$B210) | E210: =IF($A210="","",IF(SUMPRODUCT(('4. Chronology'!$A$5:$A$204=$A210)*'4. Chronology'!$J$5:$J$204*'4. Chronology'!$B$5:$B$204)=0,"",SUMPRODUCT(MAX(('4. Chronology'!$A$5:$A$204=$A210)*'4. Chronology'!$J$5:$J$204*'4. Chronology'!$B$5:$B$204)))) | F210: =IF(NOT(ISNUMBER($E210)),"",SUMIFS('4. Chronology'!$C$5:$C$204,'4. Chronology'!$A$5:$A$204,$A210,'4. Chronology'!$B$5:$B$204,$E210)) | G210: =IF(NOT(ISNUMBER($E210)),"",SUMIFS('4. Chronology'!$F$5:$F$204,'4. Chronology'!$A$5:$A$204,$A210,'4. Chronology'!$B$5:$B$204,$E210)) | H210: =IF(OR(NOT(ISNUMBER($F210)),NOT(ISNUMBER($G210)),$F210=0),"",$G210*1000/$F210) | I210: =IF(OR(NOT(ISNUMBER($H210)),NOT(ISNUMBER($D210)),$D210=0),"",$H210/$D210) | J210: {=IF($A210="","",IF(NOT(ISNUMBER($B210)),"No dated horizons for this core — LORCA cannot be calculated. ","")&IF(AND(ISNUMBER($B210),NOT(ISNUMBER($E210))),"No Pb-210 or Cs-137 horizon — RERCA cannot be calculated. ","")&IF(IFERROR(INDEX('2. Core Log'!$L$5:$L$124,MATCH($A210,'2. Core Log'!$A$5:$A$124,0)),"")="No","Core did not reach the mineral contact, so LORCA is based on a partial profile and is a MINIMUM. ","")&IF(AND(ISNUMBER($I210),$I210>1.2),"RERCA is "&TEXT($I210,"0.0")&"x LORCA. This is EXPECTED, not a finding: near-surface peat has not finished decomposing, so recent rates always look higher. Do not report it as accelerating sequestration. ","")&IF(AND(ISNUMBER($D210),OR($D210<LORCA_MIN,$D210>LORCA_MAX)),"LORCA outside the published range of "&LORCA_MIN&"-"&LORCA_MAX&" g C/m2/yr — check the basal age and the profile carbon. ",""))} -> No dated horizons for this core — LORCA cannot be calculated.
A211: {=IF(INDEX('2. Core Log'!$A$5:$A$124,ROW()-209)="","",INDEX('2. Core Log'!$A$5:$A$124,ROW()-209))} -> PM-02-A | B211: =IF($A211="","",IF(SUMPRODUCT(('4. Chronology'!$A$5:$A$204=$A211)*'4. Chronology'!$C$5:$C$204)=0,"",SUMPRODUCT(MAX(('4. Chronology'!$A$5:$A$204=$A211)*'4. Chronology'!$C$5:$C$204)))) | C211: {=IF($A211="","",IFERROR(INDEX('2. Core Log'!$R$5:$R$124,MATCH($A211,'2. Core Log'!$A$5:$A$124,0)),""))} -> 3.0833445 | D211: =IF(OR(NOT(ISNUMBER($B211)),NOT(ISNUMBER($C211)),$B211=0),"",$C211*1000/$B211) | E211: =IF($A211="","",IF(SUMPRODUCT(('4. Chronology'!$A$5:$A$204=$A211)*'4. Chronology'!$J$5:$J$204*'4. Chronology'!$B$5:$B$204)=0,"",SUMPRODUCT(MAX(('4. Chronology'!$A$5:$A$204=$A211)*'4. Chronology'!$J$5:$J$204*'4. Chronology'!$B$5:$B$204)))) | F211: =IF(NOT(ISNUMBER($E211)),"",SUMIFS('4. Chronology'!$C$5:$C$204,'4. Chronology'!$A$5:$A$204,$A211,'4. Chronology'!$B$5:$B$204,$E211)) | G211: =IF(NOT(ISNUMBER($E211)),"",SUMIFS('4. Chronology'!$F$5:$F$204,'4. Chronology'!$A$5:$A$204,$A211,'4. Chronology'!$B$5:$B$204,$E211)) | H211: =IF(OR(NOT(ISNUMBER($F211)),NOT(ISNUMBER($G211)),$F211=0),"",$G211*1000/$F211) | I211: =IF(OR(NOT(ISNUMBER($H211)),NOT(ISNUMBER($D211)),$D211=0),"",$H211/$D211) | J211: {=IF($A211="","",IF(NOT(ISNUMBER($B211)),"No dated horizons for this core — LORCA cannot be calculated. ","")&IF(AND(ISNUMBER($B211),NOT(ISNUMBER($E211))),"No Pb-210 or Cs-137 horizon — RERCA cannot be calculated. ","")&IF(IFERROR(INDEX('2. Core Log'!$L$5:$L$124,MATCH($A211,'2. Core Log'!$A$5:$A$124,0)),"")="No","Core did not reach the mineral contact, so LORCA is based on a partial profile and is a MINIMUM. ","")&IF(AND(ISNUMBER($I211),$I211>1.2),"RERCA is "&TEXT($I211,"0.0")&"x LORCA. This is EXPECTED, not a finding: near-surface peat has not finished decomposing, so recent rates always look higher. Do not report it as accelerating sequestration. ","")&IF(AND(ISNUMBER($D211),OR($D211<LORCA_MIN,$D211>LORCA_MAX)),"LORCA outside the published range of "&LORCA_MIN&"-"&LORCA_MAX&" g C/m2/yr — check the basal age and the profile carbon. ",""))} -> No dated horizons for this core — LORCA cannot be calculated.
A212: {=IF(INDEX('2. Core Log'!$A$5:$A$124,ROW()-209)="","",INDEX('2. Core Log'!$A$5:$A$124,ROW()-209))} -> PM-03-A | B212: =IF($A212="","",IF(SUMPRODUCT(('4. Chronology'!$A$5:$A$204=$A212)*'4. Chronology'!$C$5:$C$204)=0,"",SUMPRODUCT(MAX(('4. Chronology'!$A$5:$A$204=$A212)*'4. Chronology'!$C$5:$C$204)))) | C212: {=IF($A212="","",IFERROR(INDEX('2. Core Log'!$R$5:$R$124,MATCH($A212,'2. Core Log'!$A$5:$A$124,0)),""))} -> 10.108268 | D212: =IF(OR(NOT(ISNUMBER($B212)),NOT(ISNUMBER($C212)),$B212=0),"",$C212*1000/$B212) | E212: =IF($A212="","",IF(SUMPRODUCT(('4. Chronology'!$A$5:$A$204=$A212)*'4. Chronology'!$J$5:$J$204*'4. Chronology'!$B$5:$B$204)=0,"",SUMPRODUCT(MAX(('4. Chronology'!$A$5:$A$204=$A212)*'4. Chronology'!$J$5:$J$204*'4. Chronology'!$B$5:$B$204)))) | F212: =IF(NOT(ISNUMBER($E212)),"",SUMIFS('4. Chronology'!$C$5:$C$204,'4. Chronology'!$A$5:$A$204,$A212,'4. Chronology'!$B$5:$B$204,$E212)) | G212: =IF(NOT(ISNUMBER($E212)),"",SUMIFS('4. Chronology'!$F$5:$F$204,'4. Chronology'!$A$5:$A$204,$A212,'4. Chronology'!$B$5:$B$204,$E212)) | H212: =IF(OR(NOT(ISNUMBER($F212)),NOT(ISNUMBER($G212)),$F212=0),"",$G212*1000/$F212) | I212: =IF(OR(NOT(ISNUMBER($H212)),NOT(ISNUMBER($D212)),$D212=0),"",$H212/$D212) | J212: {=IF($A212="","",IF(NOT(ISNUMBER($B212)),"No dated horizons for this core — LORCA cannot be calculated. ","")&IF(AND(ISNUMBER($B212),NOT(ISNUMBER($E212))),"No Pb-210 or Cs-137 horizon — RERCA cannot be calculated. ","")&IF(IFERROR(INDEX('2. Core Log'!$L$5:$L$124,MATCH($A212,'2. Core Log'!$A$5:$A$124,0)),"")="No","Core did not reach the mineral contact, so LORCA is based on a partial profile and is a MINIMUM. ","")&IF(AND(ISNUMBER($I212),$I212>1.2),"RERCA is "&TEXT($I212,"0.0")&"x LORCA. This is EXPECTED, not a finding: near-surface peat has not finished decomposing, so recent rates always look higher. Do not report it as accelerating sequestration. ","")&IF(AND(ISNUMBER($D212),OR($D212<LORCA_MIN,$D212>LORCA_MAX)),"LORCA outside the published range of "&LORCA_MIN&"-"&LORCA_MAX&" g C/m2/yr — check the basal age and the profile carbon. ",""))} -> No dated horizons for this core — LORCA cannot be calculated.
A213: {=IF(INDEX('2. Core Log'!$A$5:$A$124,ROW()-209)="","",INDEX('2. Core Log'!$A$5:$A$124,ROW()-209))} -> FS-01 | B213: =IF($A213="","",IF(SUMPRODUCT(('4. Chronology'!$A$5:$A$204=$A213)*'4. Chronology'!$C$5:$C$204)=0,"",SUMPRODUCT(MAX(('4. Chronology'!$A$5:$A$204=$A213)*'4. Chronology'!$C$5:$C$204)))) | C213: {=IF($A213="","",IFERROR(INDEX('2. Core Log'!$R$5:$R$124,MATCH($A213,'2. Core Log'!$A$5:$A$124,0)),""))} -> 14.263005 | D213: =IF(OR(NOT(ISNUMBER($B213)),NOT(ISNUMBER($C213)),$B213=0),"",$C213*1000/$B213) | E213: =IF($A213="","",IF(SUMPRODUCT(('4. Chronology'!$A$5:$A$204=$A213)*'4. Chronology'!$J$5:$J$204*'4. Chronology'!$B$5:$B$204)=0,"",SUMPRODUCT(MAX(('4. Chronology'!$A$5:$A$204=$A213)*'4. Chronology'!$J$5:$J$204*'4. Chronology'!$B$5:$B$204)))) | F213: =IF(NOT(ISNUMBER($E213)),"",SUMIFS('4. Chronology'!$C$5:$C$204,'4. Chronology'!$A$5:$A$204,$A213,'4. Chronology'!$B$5:$B$204,$E213)) | G213: =IF(NOT(ISNUMBER($E213)),"",SUMIFS('4. Chronology'!$F$5:$F$204,'4. Chronology'!$A$5:$A$204,$A213,'4. Chronology'!$B$5:$B$204,$E213)) | H213: =IF(OR(NOT(ISNUMBER($F213)),NOT(ISNUMBER($G213)),$F213=0),"",$G213*1000/$F213) | I213: =IF(OR(NOT(ISNUMBER($H213)),NOT(ISNUMBER($D213)),$D213=0),"",$H213/$D213) | J213: {=IF($A213="","",IF(NOT(ISNUMBER($B213)),"No dated horizons for this core — LORCA cannot be calculated. ","")&IF(AND(ISNUMBER($B213),NOT(ISNUMBER($E213))),"No Pb-210 or Cs-137 horizon — RERCA cannot be calculated. ","")&IF(IFERROR(INDEX('2. Core Log'!$L$5:$L$124,MATCH($A213,'2. Core Log'!$A$5:$A$124,0)),"")="No","Core did not reach the mineral contact, so LORCA is based on a partial profile and is a MINIMUM. ","")&IF(AND(ISNUMBER($I213),$I213>1.2),"RERCA is "&TEXT($I213,"0.0")&"x LORCA. This is EXPECTED, not a finding: near-surface peat has not finished decomposing, so recent rates always look higher. Do not report it as accelerating sequestration. ","")&IF(AND(ISNUMBER($D213),OR($D213<LORCA_MIN,$D213>LORCA_MAX)),"LORCA outside the published range of "&LORCA_MIN&"-"&LORCA_MAX&" g C/m2/yr — check the basal age and the profile carbon. ",""))} -> No dated horizons for this core — LORCA cannot be calculated.
A214: {=IF(INDEX('2. Core Log'!$A$5:$A$124,ROW()-209)="","",INDEX('2. Core Log'!$A$5:$A$124,ROW()-209))} -> FS-02 | B214: =IF($A214="","",IF(SUMPRODUCT(('4. Chronology'!$A$5:$A$204=$A214)*'4. Chronology'!$C$5:$C$204)=0,"",SUMPRODUCT(MAX(('4. Chronology'!$A$5:$A$204=$A214)*'4. Chronology'!$C$5:$C$204)))) | C214: {=IF($A214="","",IFERROR(INDEX('2. Core Log'!$R$5:$R$124,MATCH($A214,'2. Core Log'!$A$5:$A$124,0)),""))} -> 8.3815614 | D214: =IF(OR(NOT(ISNUMBER($B214)),NOT(ISNUMBER($C214)),$B214=0),"",$C214*1000/$B214) | E214: =IF($A214="","",IF(SUMPRODUCT(('4. Chronology'!$A$5:$A$204=$A214)*'4. Chronology'!$J$5:$J$204*'4. Chronology'!$B$5:$B$204)=0,"",SUMPRODUCT(MAX(('4. Chronology'!$A$5:$A$204=$A214)*'4. Chronology'!$J$5:$J$204*'4. Chronology'!$B$5:$B$204)))) | F214: =IF(NOT(ISNUMBER($E214)),"",SUMIFS('4. Chronology'!$C$5:$C$204,'4. Chronology'!$A$5:$A$204,$A214,'4. Chronology'!$B$5:$B$204,$E214)) | G214: =IF(NOT(ISNUMBER($E214)),"",SUMIFS('4. Chronology'!$F$5:$F$204,'4. Chronology'!$A$5:$A$204,$A214,'4. Chronology'!$B$5:$B$204,$E214)) | H214: =IF(OR(NOT(ISNUMBER($F214)),NOT(ISNUMBER($G214)),$F214=0),"",$G214*1000/$F214) | I214: =IF(OR(NOT(ISNUMBER($H214)),NOT(ISNUMBER($D214)),$D214=0),"",$H214/$D214) | J214: {=IF($A214="","",IF(NOT(ISNUMBER($B214)),"No dated horizons for this core — LORCA cannot be calculated. ","")&IF(AND(ISNUMBER($B214),NOT(ISNUMBER($E214))),"No Pb-210 or Cs-137 horizon — RERCA cannot be calculated. ","")&IF(IFERROR(INDEX('2. Core Log'!$L$5:$L$124,MATCH($A214,'2. Core Log'!$A$5:$A$124,0)),"")="No","Core did not reach the mineral contact, so LORCA is based on a partial profile and is a MINIMUM. ","")&IF(AND(ISNUMBER($I214),$I214>1.2),"RERCA is "&TEXT($I214,"0.0")&"x LORCA. This is EXPECTED, not a finding: near-surface peat has not finished decomposing, so recent rates always look higher. Do not report it as accelerating sequestration. ","")&IF(AND(ISNUMBER($D214),OR($D214<LORCA_MIN,$D214>LORCA_MAX)),"LORCA outside the published range of "&LORCA_MIN&"-"&LORCA_MAX&" g C/m2/yr — check the basal age and the profile carbon. ",""))} -> No dated horizons for this core — LORCA cannot be calculated.
A215: {=IF(INDEX('2. Core Log'!$A$5:$A$124,ROW()-209)="","",INDEX('2. Core Log'!$A$5:$A$124,ROW()-209))} -> FS-03 | B215: =IF($A215="","",IF(SUMPRODUCT(('4. Chronology'!$A$5:$A$204=$A215)*'4. Chronology'!$C$5:$C$204)=0,"",SUMPRODUCT(MAX(('4. Chronology'!$A$5:$A$204=$A215)*'4. Chronology'!$C$5:$C$204)))) | C215: {=IF($A215="","",IFERROR(INDEX('2. Core Log'!$R$5:$R$124,MATCH($A215,'2. Core Log'!$A$5:$A$124,0)),""))} -> 4.2223031 | D215: =IF(OR(NOT(ISNUMBER($B215)),NOT(ISNUMBER($C215)),$B215=0),"",$C215*1000/$B215) | E215: =IF($A215="","",IF(SUMPRODUCT(('4. Chronology'!$A$5:$A$204=$A215)*'4. Chronology'!$J$5:$J$204*'4. Chronology'!$B$5:$B$204)=0,"",SUMPRODUCT(MAX(('4. Chronology'!$A$5:$A$204=$A215)*'4. Chronology'!$J$5:$J$204*'4. Chronology'!$B$5:$B$204)))) | F215: =IF(NOT(ISNUMBER($E215)),"",SUMIFS('4. Chronology'!$C$5:$C$204,'4. Chronology'!$A$5:$A$204,$A215,'4. Chronology'!$B$5:$B$204,$E215)) | G215: =IF(NOT(ISNUMBER($E215)),"",SUMIFS('4. Chronology'!$F$5:$F$204,'4. Chronology'!$A$5:$A$204,$A215,'4. Chronology'!$B$5:$B$204,$E215)) | H215: =IF(OR(NOT(ISNUMBER($F215)),NOT(ISNUMBER($G215)),$F215=0),"",$G215*1000/$F215) | I215: =IF(OR(NOT(ISNUMBER($H215)),NOT(ISNUMBER($D215)),$D215=0),"",$H215/$D215) | J215: {=IF($A215="","",IF(NOT(ISNUMBER($B215)),"No dated horizons for this core — LORCA cannot be calculated. ","")&IF(AND(ISNUMBER($B215),NOT(ISNUMBER($E215))),"No Pb-210 or Cs-137 horizon — RERCA cannot be calculated. ","")&IF(IFERROR(INDEX('2. Core Log'!$L$5:$L$124,MATCH($A215,'2. Core Log'!$A$5:$A$124,0)),"")="No","Core did not reach the mineral contact, so LORCA is based on a partial profile and is a MINIMUM. ","")&IF(AND(ISNUMBER($I215),$I215>1.2),"RERCA is "&TEXT($I215,"0.0")&"x LORCA. This is EXPECTED, not a finding: near-surface peat has not finished decomposing, so recent rates always look higher. Do not report it as accelerating sequestration. ","")&IF(AND(ISNUMBER($D215),OR($D215<LORCA_MIN,$D215>LORCA_MAX)),"LORCA outside the published range of "&LORCA_MIN&"-"&LORCA_MAX&" g C/m2/yr — check the basal age and the profile carbon. ",""))} -> No dated horizons for this core — LORCA cannot be calculated.
A216: {=IF(INDEX('2. Core Log'!$A$5:$A$124,ROW()-209)="","",INDEX('2. Core Log'!$A$5:$A$124,ROW()-209))} -> FS-03 | B216: =IF($A216="","",IF(SUMPRODUCT(('4. Chronology'!$A$5:$A$204=$A216)*'4. Chronology'!$C$5:$C$204)=0,"",SUMPRODUCT(MAX(('4. Chronology'!$A$5:$A$204=$A216)*'4. Chronology'!$C$5:$C$204)))) | C216: {=IF($A216="","",IFERROR(INDEX('2. Core Log'!$R$5:$R$124,MATCH($A216,'2. Core Log'!$A$5:$A$124,0)),""))} -> 4.2223031 | D216: =IF(OR(NOT(ISNUMBER($B216)),NOT(ISNUMBER($C216)),$B216=0),"",$C216*1000/$B216) | E216: =IF($A216="","",IF(SUMPRODUCT(('4. Chronology'!$A$5:$A$204=$A216)*'4. Chronology'!$J$5:$J$204*'4. Chronology'!$B$5:$B$204)=0,"",SUMPRODUCT(MAX(('4. Chronology'!$A$5:$A$204=$A216)*'4. Chronology'!$J$5:$J$204*'4. Chronology'!$B$5:$B$204)))) | F216: =IF(NOT(ISNUMBER($E216)),"",SUMIFS('4. Chronology'!$C$5:$C$204,'4. Chronology'!$A$5:$A$204,$A216,'4. Chronology'!$B$5:$B$204,$E216)) | G216: =IF(NOT(ISNUMBER($E216)),"",SUMIFS('4. Chronology'!$F$5:$F$204,'4. Chronology'!$A$5:$A$204,$A216,'4. Chronology'!$B$5:$B$204,$E216)) | H216: =IF(OR(NOT(ISNUMBER($F216)),NOT(ISNUMBER($G216)),$F216=0),"",$G216*1000/$F216) | I216: =IF(OR(NOT(ISNUMBER($H216)),NOT(ISNUMBER($D216)),$D216=0),"",$H216/$D216) | J216: {=IF($A216="","",IF(NOT(ISNUMBER($B216)),"No dated horizons for this core — LORCA cannot be calculated. ","")&IF(AND(ISNUMBER($B216),NOT(ISNUMBER($E216))),"No Pb-210 or Cs-137 horizon — RERCA cannot be calculated. ","")&IF(IFERROR(INDEX('2. Core Log'!$L$5:$L$124,MATCH($A216,'2. Core Log'!$A$5:$A$124,0)),"")="No","Core did not reach the mineral contact, so LORCA is based on a partial profile and is a MINIMUM. ","")&IF(AND(ISNUMBER($I216),$I216>1.2),"RERCA is "&TEXT($I216,"0.0")&"x LORCA. This is EXPECTED, not a finding: near-surface peat has not finished decomposing, so recent rates always look higher. Do not report it as accelerating sequestration. ","")&IF(AND(ISNUMBER($D216),OR($D216<LORCA_MIN,$D216>LORCA_MAX)),"LORCA outside the published range of "&LORCA_MIN&"-"&LORCA_MAX&" g C/m2/yr — check the basal age and the profile carbon. ",""))} -> No dated horizons for this core — LORCA cannot be calculated.
A217: {=IF(INDEX('2. Core Log'!$A$5:$A$124,ROW()-209)="","",INDEX('2. Core Log'!$A$5:$A$124,ROW()-209))} -> FS-05 | B217: =IF($A217="","",IF(SUMPRODUCT(('4. Chronology'!$A$5:$A$204=$A217)*'4. Chronology'!$C$5:$C$204)=0,"",SUMPRODUCT(MAX(('4. Chronology'!$A$5:$A$204=$A217)*'4. Chronology'!$C$5:$C$204)))) | C217: {=IF($A217="","",IFERROR(INDEX('2. Core Log'!$R$5:$R$124,MATCH($A217,'2. Core Log'!$A$5:$A$124,0)),""))} -> 6.1054498 | D217: =IF(OR(NOT(ISNUMBER($B217)),NOT(ISNUMBER($C217)),$B217=0),"",$C217*1000/$B217) | E217: =IF($A217="","",IF(SUMPRODUCT(('4. Chronology'!$A$5:$A$204=$A217)*'4. Chronology'!$J$5:$J$204*'4. Chronology'!$B$5:$B$204)=0,"",SUMPRODUCT(MAX(('4. Chronology'!$A$5:$A$204=$A217)*'4. Chronology'!$J$5:$J$204*'4. Chronology'!$B$5:$B$204)))) | F217: =IF(NOT(ISNUMBER($E217)),"",SUMIFS('4. Chronology'!$C$5:$C$204,'4. Chronology'!$A$5:$A$204,$A217,'4. Chronology'!$B$5:$B$204,$E217)) | G217: =IF(NOT(ISNUMBER($E217)),"",SUMIFS('4. Chronology'!$F$5:$F$204,'4. Chronology'!$A$5:$A$204,$A217,'4. Chronology'!$B$5:$B$204,$E217)) | H217: =IF(OR(NOT(ISNUMBER($F217)),NOT(ISNUMBER($G217)),$F217=0),"",$G217*1000/$F217) | I217: =IF(OR(NOT(ISNUMBER($H217)),NOT(ISNUMBER($D217)),$D217=0),"",$H217/$D217) | J217: {=IF($A217="","",IF(NOT(ISNUMBER($B217)),"No dated horizons for this core — LORCA cannot be calculated. ","")&IF(AND(ISNUMBER($B217),NOT(ISNUMBER($E217))),"No Pb-210 or Cs-137 horizon — RERCA cannot be calculated. ","")&IF(IFERROR(INDEX('2. Core Log'!$L$5:$L$124,MATCH($A217,'2. Core Log'!$A$5:$A$124,0)),"")="No","Core did not reach the mineral contact, so LORCA is based on a partial profile and is a MINIMUM. ","")&IF(AND(ISNUMBER($I217),$I217>1.2),"RERCA is "&TEXT($I217,"0.0")&"x LORCA. This is EXPECTED, not a finding: near-surface peat has not finished decomposing, so recent rates always look higher. Do not report it as accelerating sequestration. ","")&IF(AND(ISNUMBER($D217),OR($D217<LORCA_MIN,$D217>LORCA_MAX)),"LORCA outside the published range of "&LORCA_MIN&"-"&LORCA_MAX&" g C/m2/yr — check the basal age and the profile carbon. ",""))} -> No dated horizons for this core — LORCA cannot be calculated.
A218: {=IF(INDEX('2. Core Log'!$A$5:$A$124,ROW()-209)="","",INDEX('2. Core Log'!$A$5:$A$124,ROW()-209))} | B218: =IF($A218="","",IF(SUMPRODUCT(('4. Chronology'!$A$5:$A$204=$A218)*'4. Chronology'!$C$5:$C$204)=0,"",SUMPRODUCT(MAX(('4. Chronology'!$A$5:$A$204=$A218)*'4. Chronology'!$C$5:$C$204)))) | C218: {=IF($A218="","",IFERROR(INDEX('2. Core Log'!$R$5:$R$124,MATCH($A218,'2. Core Log'!$A$5:$A$124,0)),""))} | D218: =IF(OR(NOT(ISNUMBER($B218)),NOT(ISNUMBER($C218)),$B218=0),"",$C218*1000/$B218) | E218: =IF($A218="","",IF(SUMPRODUCT(('4. Chronology'!$A$5:$A$204=$A218)*'4. Chronology'!$J$5:$J$204*'4. Chronology'!$B$5:$B$204)=0,"",SUMPRODUCT(MAX(('4. Chronology'!$A$5:$A$204=$A218)*'4. Chronology'!$J$5:$J$204*'4. Chronology'!$B$5:$B$204)))) | F218: =IF(NOT(ISNUMBER($E218)),"",SUMIFS('4. Chronology'!$C$5:$C$204,'4. Chronology'!$A$5:$A$204,$A218,'4. Chronology'!$B$5:$B$204,$E218)) | G218: =IF(NOT(ISNUMBER($E218)),"",SUMIFS('4. Chronology'!$F$5:$F$204,'4. Chronology'!$A$5:$A$204,$A218,'4. Chronology'!$B$5:$B$204,$E218)) | H218: =IF(OR(NOT(ISNUMBER($F218)),NOT(ISNUMBER($G218)),$F218=0),"",$G218*1000/$F218) | I218: =IF(OR(NOT(ISNUMBER($H218)),NOT(ISNUMBER($D218)),$D218=0),"",$H218/$D218) | J218: {=IF($A218="","",IF(NOT(ISNUMBER($B218)),"No dated horizons for this core — LORCA cannot be calculated. ","")&IF(AND(ISNUMBER($B218),NOT(ISNUMBER($E218))),"No Pb-210 or Cs-137 horizon — RERCA cannot be calculated. ","")&IF(IFERROR(INDEX('2. Core Log'!$L$5:$L$124,MATCH($A218,'2. Core Log'!$A$5:$A$124,0)),"")="No","Core did not reach the mineral contact, so LORCA is based on a partial profile and is a MINIMUM. ","")&IF(AND(ISNUMBER($I218),$I218>1.2),"RERCA is "&TEXT($I218,"0.0")&"x LORCA. This is EXPECTED, not a finding: near-surface peat has not finished decomposing, so recent rates always look higher. Do not report it as accelerating sequestration. ","")&IF(AND(ISNUMBER($D218),OR($D218<LORCA_MIN,$D218>LORCA_MAX)),"LORCA outside the published range of "&LORCA_MIN&"-"&LORCA_MAX&" g C/m2/yr — check the basal age and the profile carbon. ",""))}
A219: {=IF(INDEX('2. Core Log'!$A$5:$A$124,ROW()-209)="","",INDEX('2. Core Log'!$A$5:$A$124,ROW()-209))} | B219: =IF($A219="","",IF(SUMPRODUCT(('4. Chronology'!$A$5:$A$204=$A219)*'4. Chronology'!$C$5:$C$204)=0,"",SUMPRODUCT(MAX(('4. Chronology'!$A$5:$A$204=$A219)*'4. Chronology'!$C$5:$C$204)))) | C219: {=IF($A219="","",IFERROR(INDEX('2. Core Log'!$R$5:$R$124,MATCH($A219,'2. Core Log'!$A$5:$A$124,0)),""))} | D219: =IF(OR(NOT(ISNUMBER($B219)),NOT(ISNUMBER($C219)),$B219=0),"",$C219*1000/$B219) | E219: =IF($A219="","",IF(SUMPRODUCT(('4. Chronology'!$A$5:$A$204=$A219)*'4. Chronology'!$J$5:$J$204*'4. Chronology'!$B$5:$B$204)=0,"",SUMPRODUCT(MAX(('4. Chronology'!$A$5:$A$204=$A219)*'4. Chronology'!$J$5:$J$204*'4. Chronology'!$B$5:$B$204)))) | F219: =IF(NOT(ISNUMBER($E219)),"",SUMIFS('4. Chronology'!$C$5:$C$204,'4. Chronology'!$A$5:$A$204,$A219,'4. Chronology'!$B$5:$B$204,$E219)) | G219: =IF(NOT(ISNUMBER($E219)),"",SUMIFS('4. Chronology'!$F$5:$F$204,'4. Chronology'!$A$5:$A$204,$A219,'4. Chronology'!$B$5:$B$204,$E219)) | H219: =IF(OR(NOT(ISNUMBER($F219)),NOT(ISNUMBER($G219)),$F219=0),"",$G219*1000/$F219) | I219: =IF(OR(NOT(ISNUMBER($H219)),NOT(ISNUMBER($D219)),$D219=0),"",$H219/$D219) | J219: {=IF($A219="","",IF(NOT(ISNUMBER($B219)),"No dated horizons for this core — LORCA cannot be calculated. ","")&IF(AND(ISNUMBER($B219),NOT(ISNUMBER($E219))),"No Pb-210 or Cs-137 horizon — RERCA cannot be calculated. ","")&IF(IFERROR(INDEX('2. Core Log'!$L$5:$L$124,MATCH($A219,'2. Core Log'!$A$5:$A$124,0)),"")="No","Core did not reach the mineral contact, so LORCA is based on a partial profile and is a MINIMUM. ","")&IF(AND(ISNUMBER($I219),$I219>1.2),"RERCA is "&TEXT($I219,"0.0")&"x LORCA. This is EXPECTED, not a finding: near-surface peat has not finished decomposing, so recent rates always look higher. Do not report it as accelerating sequestration. ","")&IF(AND(ISNUMBER($D219),OR($D219<LORCA_MIN,$D219>LORCA_MAX)),"LORCA outside the published range of "&LORCA_MIN&"-"&LORCA_MAX&" g C/m2/yr — check the basal age and the profile carbon. ",""))}
A220: {=IF(INDEX('2. Core Log'!$A$5:$A$124,ROW()-209)="","",INDEX('2. Core Log'!$A$5:$A$124,ROW()-209))} | B220: =IF($A220="","",IF(SUMPRODUCT(('4. Chronology'!$A$5:$A$204=$A220)*'4. Chronology'!$C$5:$C$204)=0,"",SUMPRODUCT(MAX(('4. Chronology'!$A$5:$A$204=$A220)*'4. Chronology'!$C$5:$C$204)))) | C220: {=IF($A220="","",IFERROR(INDEX('2. Core Log'!$R$5:$R$124,MATCH($A220,'2. Core Log'!$A$5:$A$124,0)),""))} | D220: =IF(OR(NOT(ISNUMBER($B220)),NOT(ISNUMBER($C220)),$B220=0),"",$C220*1000/$B220) | E220: =IF($A220="","",IF(SUMPRODUCT(('4. Chronology'!$A$5:$A$204=$A220)*'4. Chronology'!$J$5:$J$204*'4. Chronology'!$B$5:$B$204)=0,"",SUMPRODUCT(MAX(('4. Chronology'!$A$5:$A$204=$A220)*'4. Chronology'!$J$5:$J$204*'4. Chronology'!$B$5:$B$204)))) | F220: =IF(NOT(ISNUMBER($E220)),"",SUMIFS('4. Chronology'!$C$5:$C$204,'4. Chronology'!$A$5:$A$204,$A220,'4. Chronology'!$B$5:$B$204,$E220)) | G220: =IF(NOT(ISNUMBER($E220)),"",SUMIFS('4. Chronology'!$F$5:$F$204,'4. Chronology'!$A$5:$A$204,$A220,'4. Chronology'!$B$5:$B$204,$E220)) | H220: =IF(OR(NOT(ISNUMBER($F220)),NOT(ISNUMBER($G220)),$F220=0),"",$G220*1000/$F220) | I220: =IF(OR(NOT(ISNUMBER($H220)),NOT(ISNUMBER($D220)),$D220=0),"",$H220/$D220) | J220: {=IF($A220="","",IF(NOT(ISNUMBER($B220)),"No dated horizons for this core — LORCA cannot be calculated. ","")&IF(AND(ISNUMBER($B220),NOT(ISNUMBER($E220))),"No Pb-210 or Cs-137 horizon — RERCA cannot be calculated. ","")&IF(IFERROR(INDEX('2. Core Log'!$L$5:$L$124,MATCH($A220,'2. Core Log'!$A$5:$A$124,0)),"")="No","Core did not reach the mineral contact, so LORCA is based on a partial profile and is a MINIMUM. ","")&IF(AND(ISNUMBER($I220),$I220>1.2),"RERCA is "&TEXT($I220,"0.0")&"x LORCA. This is EXPECTED, not a finding: near-surface peat has not finished decomposing, so recent rates always look higher. Do not report it as accelerating sequestration. ","")&IF(AND(ISNUMBER($D220),OR($D220<LORCA_MIN,$D220>LORCA_MAX)),"LORCA outside the published range of "&LORCA_MIN&"-"&LORCA_MAX&" g C/m2/yr — check the basal age and the profile carbon. ",""))}
A221: {=IF(INDEX('2. Core Log'!$A$5:$A$124,ROW()-209)="","",INDEX('2. Core Log'!$A$5:$A$124,ROW()-209))} | B221: =IF($A221="","",IF(SUMPRODUCT(('4. Chronology'!$A$5:$A$204=$A221)*'4. Chronology'!$C$5:$C$204)=0,"",SUMPRODUCT(MAX(('4. Chronology'!$A$5:$A$204=$A221)*'4. Chronology'!$C$5:$C$204)))) | C221: {=IF($A221="","",IFERROR(INDEX('2. Core Log'!$R$5:$R$124,MATCH($A221,'2. Core Log'!$A$5:$A$124,0)),""))} | D221: =IF(OR(NOT(ISNUMBER($B221)),NOT(ISNUMBER($C221)),$B221=0),"",$C221*1000/$B221) | E221: =IF($A221="","",IF(SUMPRODUCT(('4. Chronology'!$A$5:$A$204=$A221)*'4. Chronology'!$J$5:$J$204*'4. Chronology'!$B$5:$B$204)=0,"",SUMPRODUCT(MAX(('4. Chronology'!$A$5:$A$204=$A221)*'4. Chronology'!$J$5:$J$204*'4. Chronology'!$B$5:$B$204)))) | F221: =IF(NOT(ISNUMBER($E221)),"",SUMIFS('4. Chronology'!$C$5:$C$204,'4. Chronology'!$A$5:$A$204,$A221,'4. Chronology'!$B$5:$B$204,$E221)) | G221: =IF(NOT(ISNUMBER($E221)),"",SUMIFS('4. Chronology'!$F$5:$F$204,'4. Chronology'!$A$5:$A$204,$A221,'4. Chronology'!$B$5:$B$204,$E221)) | H221: =IF(OR(NOT(ISNUMBER($F221)),NOT(ISNUMBER($G221)),$F221=0),"",$G221*1000/$F221) | I221: =IF(OR(NOT(ISNUMBER($H221)),NOT(ISNUMBER($D221)),$D221=0),"",$H221/$D221) | J221: {=IF($A221="","",IF(NOT(ISNUMBER($B221)),"No dated horizons for this core — LORCA cannot be calculated. ","")&IF(AND(ISNUMBER($B221),NOT(ISNUMBER($E221))),"No Pb-210 or Cs-137 horizon — RERCA cannot be calculated. ","")&IF(IFERROR(INDEX('2. Core Log'!$L$5:$L$124,MATCH($A221,'2. Core Log'!$A$5:$A$124,0)),"")="No","Core did not reach the mineral contact, so LORCA is based on a partial profile and is a MINIMUM. ","")&IF(AND(ISNUMBER($I221),$I221>1.2),"RERCA is "&TEXT($I221,"0.0")&"x LORCA. This is EXPECTED, not a finding: near-surface peat has not finished decomposing, so recent rates always look higher. Do not report it as accelerating sequestration. ","")&IF(AND(ISNUMBER($D221),OR($D221<LORCA_MIN,$D221>LORCA_MAX)),"LORCA outside the published range of "&LORCA_MIN&"-"&LORCA_MAX&" g C/m2/yr — check the basal age and the profile carbon. ",""))}
... A239: {=IF(INDEX('2. Core Log'!$A$5:$A$124,ROW()-209)="","",INDEX('2. Core Log'!$A$5:$A$124,ROW()-209))} | B239: =IF($A239="","",IF(SUMPRODUCT(('4. Chronology'!$A$5:$A$204=$A239)*'4. Chronology'!$C$5:$C$204)=0,"",SUMPRODUCT(MAX(('4. Chronology'!$A$5:$A$204=$A239)*'4. Chronology'!$C$5:$C$204)))) | C239: {=IF($A239="","",IFERROR(INDEX('2. Core Log'!$R$5:$R$124,MATCH($A239,'2. Core Log'!$A$5:$A$124,0)),""))} | D239: =IF(OR(NOT(ISNUMBER($B239)),NOT(ISNUMBER($C239)),$B239=0),"",$C239*1000/$B239) | E239: =IF($A239="","",IF(SUMPRODUCT(('4. Chronology'!$A$5:$A$204=$A239)*'4. Chronology'!$J$5:$J$204*'4. Chronology'!$B$5:$B$204)=0,"",SUMPRODUCT(MAX(('4. Chronology'!$A$5:$A$204=$A239)*'4. Chronology'!$J$5:$J$204*'4. Chronology'!$B$5:$B$204)))) | F239: =IF(NOT(ISNUMBER($E239)),"",SUMIFS('4. Chronology'!$C$5:$C$204,'4. Chronology'!$A$5:$A$204,$A239,'4. Chronology'!$B$5:$B$204,$E239)) | G239: =IF(NOT(ISNUMBER($E239)),"",SUMIFS('4. Chronology'!$F$5:$F$204,'4. Chronology'!$A$5:$A$204,$A239,'4. Chronology'!$B$5:$B$204,$E239)) | H239: =IF(OR(NOT(ISNUMBER($F239)),NOT(ISNUMBER($G239)),$F239=0),"",$G239*1000/$F239) | I239: =IF(OR(NOT(ISNUMBER($H239)),NOT(ISNUMBER($D239)),$D239=0),"",$H239/$D239) | J239: {=IF($A239="","",IF(NOT(ISNUMBER($B239)),"No dated horizons for this core — LORCA cannot be calculated. ","")&IF(AND(ISNUMBER($B239),NOT(ISNUMBER($E239))),"No Pb-210 or Cs-137 horizon — RERCA cannot be calculated. ","")&IF(IFERROR(INDEX('2. Core Log'!$L$5:$L$124,MATCH($A239,'2. Core Log'!$A$5:$A$124,0)),"")="No","Core did not reach the mineral contact, so LORCA is based on a partial profile and is a MINIMUM. ","")&IF(AND(ISNUMBER($I239),$I239>1.2),"RERCA is "&TEXT($I239,"0.0")&"x LORCA. This is EXPECTED, not a finding: near-surface peat has not finished decomposing, so recent rates always look higher. Do not report it as accelerating sequestration. ","")&IF(AND(ISNUMBER($D239),OR($D239<LORCA_MIN,$D239>LORCA_MAX)),"LORCA outside the published range of "&LORCA_MIN&"-"&LORCA_MAX&" g C/m2/yr — check the basal age and the profile carbon. ",""))}

Sheet 5. Plot Summary
A1: PLOT SUMMARY
A4: Plot ID | B4: Site ID | C4: Cores in plot | D4: Sampled soil stock (kg C/m²) | E4: Sampled stock in reference window (kg C/m²) | F4: Vegetation carbon (kg C/m²) | G4: Soil plus entered vegetation (kg C/m²) | H4: QC flags | I4: _num | J4: _inc
A5: PM-01 | B5: PM-01-A | C5: 1 | D5: =IF(COUNTIFS('2. Core Log'!$B$5:$B$8,$A5,'2. Core Log'!$R$5:$R$8,">=0")>0,SUMIFS('2. Core Log'!$R$5:$R$8,'2. Core Log'!$B$5:$B$8,$A5)/COUNTIFS('2. Core Log'!$B$5:$B$8,$A5,'2. Core Log'!$R$5:$R$8,">=0"),"") | E5: =IF(COUNTIFS('2. Core Log'!$B$5:$B$8,$A5,'2. Core Log'!$S$5:$S$8,">=0")>0,SUMIFS('2. Core Log'!$S$5:$S$8,'2. Core Log'!$B$5:$B$8,$A5)/COUNTIFS('2. Core Log'!$B$5:$B$8,$A5,'2. Core Log'!$S$5:$S$8,">=0"),"") | G5: =IF($A5="","",IF(ISNUMBER($D5),$D5,0)+IF(ISNUMBER($F5),$F5,0)) -> 0 | H5: =IF($A5="","",IF($C5=0,"No cores for this plot — it contributes nothing to the site mean. ","")&IF(AND($C5>0,$C5<2),"Only one core in this plot. Bansal et al. recommend three or more per wetland. ","")&IF(AND(ISNUMBER($D5),ISNUMBER($E5),$D5>$E5*1.5),"Most of this plot's carbon lies below the reference depth — make sure your reporting says which number you are quoting. ","")) -> #VALUE! | I5: =IF(ISNUMBER($G5),$G5,0) -> 0 | J5: =IF(AND(ISNUMBER($G5),$A5<>""),1,0) -> 1
A6: PM-02 | B6: PM-02-A | C6: 1 | D6: =IF(COUNTIFS('2. Core Log'!$B$5:$B$8,$A6,'2. Core Log'!$R$5:$R$8,">=0")>0,SUMIFS('2. Core Log'!$R$5:$R$8,'2. Core Log'!$B$5:$B$8,$A6)/COUNTIFS('2. Core Log'!$B$5:$B$8,$A6,'2. Core Log'!$R$5:$R$8,">=0"),"") | E6: =IF(COUNTIFS('2. Core Log'!$B$5:$B$8,$A6,'2. Core Log'!$S$5:$S$8,">=0")>0,SUMIFS('2. Core Log'!$S$5:$S$8,'2. Core Log'!$B$5:$B$8,$A6)/COUNTIFS('2. Core Log'!$B$5:$B$8,$A6,'2. Core Log'!$S$5:$S$8,">=0"),"") | G6: =IF($A6="","",IF(ISNUMBER($D6),$D6,0)+IF(ISNUMBER($F6),$F6,0)) -> 0 | H6: =IF($A6="","",IF($C6=0,"No cores for this plot — it contributes nothing to the site mean. ","")&IF(AND($C6>0,$C6<2),"Only one core in this plot. Bansal et al. recommend three or more per wetland. ","")&IF(AND(ISNUMBER($D6),ISNUMBER($E6),$D6>$E6*1.5),"Most of this plot's carbon lies below the reference depth — make sure your reporting says which number you are quoting. ","")) -> #VALUE! | I6: =IF(ISNUMBER($G6),$G6,0) -> 0 | J6: =IF(AND(ISNUMBER($G6),$A6<>""),1,0) -> 1
A7: PM-03 | B7: PM-03-A | C7: 1 | D7: =IF(COUNTIFS('2. Core Log'!$B$5:$B$8,$A7,'2. Core Log'!$R$5:$R$8,">=0")>0,SUMIFS('2. Core Log'!$R$5:$R$8,'2. Core Log'!$B$5:$B$8,$A7)/COUNTIFS('2. Core Log'!$B$5:$B$8,$A7,'2. Core Log'!$R$5:$R$8,">=0"),"") | E7: =IF(COUNTIFS('2. Core Log'!$B$5:$B$8,$A7,'2. Core Log'!$S$5:$S$8,">=0")>0,SUMIFS('2. Core Log'!$S$5:$S$8,'2. Core Log'!$B$5:$B$8,$A7)/COUNTIFS('2. Core Log'!$B$5:$B$8,$A7,'2. Core Log'!$S$5:$S$8,">=0"),"") | G7: =IF($A7="","",IF(ISNUMBER($D7),$D7,0)+IF(ISNUMBER($F7),$F7,0)) -> 0 | I7: =IF(ISNUMBER($G7),$G7,0) -> 0 | J7: =IF(AND(ISNUMBER($G7),$A7<>""),1,0) -> 1
A8: FS-01 | B8: FS-01 | C8: =IF($A8="","",COUNTIFS('2. Core Log'!$B$5:$B$124,$A8)) -> 1 | D8: =IF(COUNTIFS('2. Core Log'!$B$5:$B$8,$A8,'2. Core Log'!$R$5:$R$8,">=0")>0,SUMIFS('2. Core Log'!$R$5:$R$8,'2. Core Log'!$B$5:$B$8,$A8)/COUNTIFS('2. Core Log'!$B$5:$B$8,$A8,'2. Core Log'!$R$5:$R$8,">=0"),"") -> 14.263005 | E8: =IF(COUNTIFS('2. Core Log'!$B$5:$B$8,$A8,'2. Core Log'!$S$5:$S$8,">=0")>0,SUMIFS('2. Core Log'!$S$5:$S$8,'2. Core Log'!$B$5:$B$8,$A8)/COUNTIFS('2. Core Log'!$B$5:$B$8,$A8,'2. Core Log'!$S$5:$S$8,">=0"),"") -> 14.263005 | G8: =IF($A8="","",IF(ISNUMBER($D8),$D8,0)+IF(ISNUMBER($F8),$F8,0)) -> 14.263005 | I8: =IF(ISNUMBER($G8),$G8,0) -> 14.263005 | J8: =IF(AND(ISNUMBER($G8),$A8<>""),1,0) -> 1
A9: FS-02 | B9: FS-02 | C9: =IF($A9="","",COUNTIFS('2. Core Log'!$B$5:$B$124,$A9)) -> 1 | D9: =IF(OR($A9="",$C9=0),"",IFERROR(AVERAGEIFS('2. Core Log'!$R$5:$R$124,'2. Core Log'!$B$5:$B$124,$A9),"")) -> 8.3815614 | E9: =IF(OR($A9="",$C9=0),"",IFERROR(AVERAGEIFS('2. Core Log'!$S$5:$S$124,'2. Core Log'!$B$5:$B$124,$A9),"")) -> 8.3815614 | G9: =IF($A9="","",IF(ISNUMBER($D9),$D9,0)+IF(ISNUMBER($F9),$F9,0)) -> 8.3815614 | I9: =IF(ISNUMBER($G9),$G9,0) -> 8.3815614 | J9: =IF(AND(ISNUMBER($G9),$A9<>""),1,0) -> 1
A10: FS-03 | B10: FS-03 | C10: 1 | D10: =IF(OR($A10="",$C10=0),"",IFERROR(AVERAGEIFS('2. Core Log'!$R$5:$R$124,'2. Core Log'!$B$5:$B$124,$A10),"")) -> 4.2223031 | E10: =IF(OR($A10="",$C10=0),"",IFERROR(AVERAGEIFS('2. Core Log'!$S$5:$S$124,'2. Core Log'!$B$5:$B$124,$A10),"")) -> 4.2223031 | G10: =IF($A10="","",IF(ISNUMBER($D10),$D10,0)+IF(ISNUMBER($F10),$F10,0)) -> 4.2223031 | I10: =IF(ISNUMBER($G10),$G10,0) -> 4.2223031 | J10: =IF(AND(ISNUMBER($G10),$A10<>""),1,0) -> 1
A11: FS-04 | B11: FS-03 | C11: 1 | D11: =IF(OR($A11="",$C11=0),"",IFERROR(AVERAGEIFS('2. Core Log'!$R$5:$R$124,'2. Core Log'!$B$5:$B$124,$A11),"")) | E11: =IF(OR($A11="",$C11=0),"",IFERROR(AVERAGEIFS('2. Core Log'!$S$5:$S$124,'2. Core Log'!$B$5:$B$124,$A11),"")) | G11: =IF($A11="","",IF(ISNUMBER($D11),$D11,0)+IF(ISNUMBER($F11),$F11,0)) -> 0 | H11: =IF($A11="","",IF($C11=0,"No cores for this plot — it contributes nothing to the site mean. ","")&IF(AND($C11>0,$C11<2),"Only one core in this plot. Bansal et al. recommend three or more per wetland. ","")&IF(AND(ISNUMBER($D11),ISNUMBER($E11),$D11>$E11*1.5),"Most of this plot's carbon lies below the reference depth — make sure your reporting says which number you are quoting. ","")) -> #VALUE! | I11: =IF(ISNUMBER($G11),$G11,0) -> 0 | J11: =IF(AND(ISNUMBER($G11),$A11<>""),1,0) -> 1
A12: FS_05 | B12: FS_05 | C12: 1 | D12: =IF(OR($A12="",$C12=0),"",IFERROR(AVERAGEIFS('2. Core Log'!$R$5:$R$124,'2. Core Log'!$B$5:$B$124,$A12),"")) | E12: =IF(OR($A12="",$C12=0),"",IFERROR(AVERAGEIFS('2. Core Log'!$S$5:$S$124,'2. Core Log'!$B$5:$B$124,$A12),"")) | G12: =IF($A12="","",IF(ISNUMBER($D12),$D12,0)+IF(ISNUMBER($F12),$F12,0)) -> 0 | I12: =IF(ISNUMBER($G12),$G12,0) -> 0 | J12: =IF(AND(ISNUMBER($G12),$A12<>""),1,0) -> 1
A13: {=IF(INDEX('1. Plot & Site Log'!$A$5:$A$64,ROW()-4)="","",INDEX('1. Plot & Site Log'!$A$5:$A$64,ROW()-4))} | B13: {=IF($A13="","",INDEX('1. Plot & Site Log'!$B$5:$B$64,MATCH($A13,'1. Plot & Site Log'!$A$5:$A$64,0)))} | C13: =IF($A13="","",COUNTIFS('2. Core Log'!$B$5:$B$124,$A13)) | D13: =IF(OR($A13="",$C13=0),"",IFERROR(AVERAGEIFS('2. Core Log'!$R$5:$R$124,'2. Core Log'!$B$5:$B$124,$A13),"")) | E13: =IF(OR($A13="",$C13=0),"",IFERROR(AVERAGEIFS('2. Core Log'!$S$5:$S$124,'2. Core Log'!$B$5:$B$124,$A13),"")) | G13: =IF($A13="","",IF(ISNUMBER($D13),$D13,0)+IF(ISNUMBER($F13),$F13,0)) | H13: =IF($A13="","",IF($C13=0,"No cores for this plot — it contributes nothing to the site mean. ","")&IF(AND($C13>0,$C13<2),"Only one core in this plot. Bansal et al. recommend three or more per wetland. ","")&IF(AND(ISNUMBER($D13),ISNUMBER($E13),$D13>$E13*1.5),"Most of this plot's carbon lies below the reference depth — make sure your reporting says which number you are quoting. ","")) | I13: =IF(ISNUMBER($G13),$G13,0) -> 0 | J13: =IF(AND(ISNUMBER($G13),$A13<>""),1,0) -> 0
A14: {=IF(INDEX('1. Plot & Site Log'!$A$5:$A$64,ROW()-4)="","",INDEX('1. Plot & Site Log'!$A$5:$A$64,ROW()-4))} | B14: {=IF($A14="","",INDEX('1. Plot & Site Log'!$B$5:$B$64,MATCH($A14,'1. Plot & Site Log'!$A$5:$A$64,0)))} | C14: =IF($A14="","",COUNTIFS('2. Core Log'!$B$5:$B$124,$A14)) | D14: =IF(OR($A14="",$C14=0),"",IFERROR(AVERAGEIFS('2. Core Log'!$R$5:$R$124,'2. Core Log'!$B$5:$B$124,$A14),"")) | E14: =IF(OR($A14="",$C14=0),"",IFERROR(AVERAGEIFS('2. Core Log'!$S$5:$S$124,'2. Core Log'!$B$5:$B$124,$A14),"")) | G14: =IF($A14="","",IF(ISNUMBER($D14),$D14,0)+IF(ISNUMBER($F14),$F14,0)) | H14: =IF($A14="","",IF($C14=0,"No cores for this plot — it contributes nothing to the site mean. ","")&IF(AND($C14>0,$C14<2),"Only one core in this plot. Bansal et al. recommend three or more per wetland. ","")&IF(AND(ISNUMBER($D14),ISNUMBER($E14),$D14>$E14*1.5),"Most of this plot's carbon lies below the reference depth — make sure your reporting says which number you are quoting. ","")) | I14: =IF(ISNUMBER($G14),$G14,0) -> 0 | J14: =IF(AND(ISNUMBER($G14),$A14<>""),1,0) -> 0
A15: {=IF(INDEX('1. Plot & Site Log'!$A$5:$A$64,ROW()-4)="","",INDEX('1. Plot & Site Log'!$A$5:$A$64,ROW()-4))} | B15: {=IF($A15="","",INDEX('1. Plot & Site Log'!$B$5:$B$64,MATCH($A15,'1. Plot & Site Log'!$A$5:$A$64,0)))} | C15: =IF($A15="","",COUNTIFS('2. Core Log'!$B$5:$B$124,$A15)) | D15: =IF(OR($A15="",$C15=0),"",IFERROR(AVERAGEIFS('2. Core Log'!$R$5:$R$124,'2. Core Log'!$B$5:$B$124,$A15),"")) | E15: =IF(OR($A15="",$C15=0),"",IFERROR(AVERAGEIFS('2. Core Log'!$S$5:$S$124,'2. Core Log'!$B$5:$B$124,$A15),"")) | G15: =IF($A15="","",IF(ISNUMBER($D15),$D15,0)+IF(ISNUMBER($F15),$F15,0)) | H15: =IF($A15="","",IF($C15=0,"No cores for this plot — it contributes nothing to the site mean. ","")&IF(AND($C15>0,$C15<2),"Only one core in this plot. Bansal et al. recommend three or more per wetland. ","")&IF(AND(ISNUMBER($D15),ISNUMBER($E15),$D15>$E15*1.5),"Most of this plot's carbon lies below the reference depth — make sure your reporting says which number you are quoting. ","")) | I15: =IF(ISNUMBER($G15),$G15,0) -> 0 | J15: =IF(AND(ISNUMBER($G15),$A15<>""),1,0) -> 0
A16: {=IF(INDEX('1. Plot & Site Log'!$A$5:$A$64,ROW()-4)="","",INDEX('1. Plot & Site Log'!$A$5:$A$64,ROW()-4))} | B16: {=IF($A16="","",INDEX('1. Plot & Site Log'!$B$5:$B$64,MATCH($A16,'1. Plot & Site Log'!$A$5:$A$64,0)))} | C16: =IF($A16="","",COUNTIFS('2. Core Log'!$B$5:$B$124,$A16)) | D16: =IF(OR($A16="",$C16=0),"",IFERROR(AVERAGEIFS('2. Core Log'!$R$5:$R$124,'2. Core Log'!$B$5:$B$124,$A16),"")) | E16: =IF(OR($A16="",$C16=0),"",IFERROR(AVERAGEIFS('2. Core Log'!$S$5:$S$124,'2. Core Log'!$B$5:$B$124,$A16),"")) | G16: =IF($A16="","",IF(ISNUMBER($D16),$D16,0)+IF(ISNUMBER($F16),$F16,0)) | H16: =IF($A16="","",IF($C16=0,"No cores for this plot — it contributes nothing to the site mean. ","")&IF(AND($C16>0,$C16<2),"Only one core in this plot. Bansal et al. recommend three or more per wetland. ","")&IF(AND(ISNUMBER($D16),ISNUMBER($E16),$D16>$E16*1.5),"Most of this plot's carbon lies below the reference depth — make sure your reporting says which number you are quoting. ","")) | I16: =IF(ISNUMBER($G16),$G16,0) -> 0 | J16: =IF(AND(ISNUMBER($G16),$A16<>""),1,0) -> 0
A17: {=IF(INDEX('1. Plot & Site Log'!$A$5:$A$64,ROW()-4)="","",INDEX('1. Plot & Site Log'!$A$5:$A$64,ROW()-4))} | B17: {=IF($A17="","",INDEX('1. Plot & Site Log'!$B$5:$B$64,MATCH($A17,'1. Plot & Site Log'!$A$5:$A$64,0)))} | C17: =IF($A17="","",COUNTIFS('2. Core Log'!$B$5:$B$124,$A17)) | D17: =IF(OR($A17="",$C17=0),"",IFERROR(AVERAGEIFS('2. Core Log'!$R$5:$R$124,'2. Core Log'!$B$5:$B$124,$A17),"")) | E17: =IF(OR($A17="",$C17=0),"",IFERROR(AVERAGEIFS('2. Core Log'!$S$5:$S$124,'2. Core Log'!$B$5:$B$124,$A17),"")) | G17: =IF($A17="","",IF(ISNUMBER($D17),$D17,0)+IF(ISNUMBER($F17),$F17,0)) | H17: =IF($A17="","",IF($C17=0,"No cores for this plot — it contributes nothing to the site mean. ","")&IF(AND($C17>0,$C17<2),"Only one core in this plot. Bansal et al. recommend three or more per wetland. ","")&IF(AND(ISNUMBER($D17),ISNUMBER($E17),$D17>$E17*1.5),"Most of this plot's carbon lies below the reference depth — make sure your reporting says which number you are quoting. ","")) | I17: =IF(ISNUMBER($G17),$G17,0) -> 0 | J17: =IF(AND(ISNUMBER($G17),$A17<>""),1,0) -> 0
A18: {=IF(INDEX('1. Plot & Site Log'!$A$5:$A$64,ROW()-4)="","",INDEX('1. Plot & Site Log'!$A$5:$A$64,ROW()-4))} | B18: {=IF($A18="","",INDEX('1. Plot & Site Log'!$B$5:$B$64,MATCH($A18,'1. Plot & Site Log'!$A$5:$A$64,0)))} | C18: =IF($A18="","",COUNTIFS('2. Core Log'!$B$5:$B$124,$A18)) | D18: =IF(OR($A18="",$C18=0),"",IFERROR(AVERAGEIFS('2. Core Log'!$R$5:$R$124,'2. Core Log'!$B$5:$B$124,$A18),"")) | E18: =IF(OR($A18="",$C18=0),"",IFERROR(AVERAGEIFS('2. Core Log'!$S$5:$S$124,'2. Core Log'!$B$5:$B$124,$A18),"")) | G18: =IF($A18="","",IF(ISNUMBER($D18),$D18,0)+IF(ISNUMBER($F18),$F18,0)) | H18: =IF($A18="","",IF($C18=0,"No cores for this plot — it contributes nothing to the site mean. ","")&IF(AND($C18>0,$C18<2),"Only one core in this plot. Bansal et al. recommend three or more per wetland. ","")&IF(AND(ISNUMBER($D18),ISNUMBER($E18),$D18>$E18*1.5),"Most of this plot's carbon lies below the reference depth — make sure your reporting says which number you are quoting. ","")) | I18: =IF(ISNUMBER($G18),$G18,0) -> 0 | J18: =IF(AND(ISNUMBER($G18),$A18<>""),1,0) -> 0
A19: {=IF(INDEX('1. Plot & Site Log'!$A$5:$A$64,ROW()-4)="","",INDEX('1. Plot & Site Log'!$A$5:$A$64,ROW()-4))} | B19: {=IF($A19="","",INDEX('1. Plot & Site Log'!$B$5:$B$64,MATCH($A19,'1. Plot & Site Log'!$A$5:$A$64,0)))} | C19: =IF($A19="","",COUNTIFS('2. Core Log'!$B$5:$B$124,$A19)) | D19: =IF(OR($A19="",$C19=0),"",IFERROR(AVERAGEIFS('2. Core Log'!$R$5:$R$124,'2. Core Log'!$B$5:$B$124,$A19),"")) | E19: =IF(OR($A19="",$C19=0),"",IFERROR(AVERAGEIFS('2. Core Log'!$S$5:$S$124,'2. Core Log'!$B$5:$B$124,$A19),"")) | G19: =IF($A19="","",IF(ISNUMBER($D19),$D19,0)+IF(ISNUMBER($F19),$F19,0)) | H19: =IF($A19="","",IF($C19=0,"No cores for this plot — it contributes nothing to the site mean. ","")&IF(AND($C19>0,$C19<2),"Only one core in this plot. Bansal et al. recommend three or more per wetland. ","")&IF(AND(ISNUMBER($D19),ISNUMBER($E19),$D19>$E19*1.5),"Most of this plot's carbon lies below the reference depth — make sure your reporting says which number you are quoting. ","")) | I19: =IF(ISNUMBER($G19),$G19,0) -> 0 | J19: =IF(AND(ISNUMBER($G19),$A19<>""),1,0) -> 0
A20: {=IF(INDEX('1. Plot & Site Log'!$A$5:$A$64,ROW()-4)="","",INDEX('1. Plot & Site Log'!$A$5:$A$64,ROW()-4))} | B20: {=IF($A20="","",INDEX('1. Plot & Site Log'!$B$5:$B$64,MATCH($A20,'1. Plot & Site Log'!$A$5:$A$64,0)))} | C20: =IF($A20="","",COUNTIFS('2. Core Log'!$B$5:$B$124,$A20)) | D20: =IF(OR($A20="",$C20=0),"",IFERROR(AVERAGEIFS('2. Core Log'!$R$5:$R$124,'2. Core Log'!$B$5:$B$124,$A20),"")) | E20: =IF(OR($A20="",$C20=0),"",IFERROR(AVERAGEIFS('2. Core Log'!$S$5:$S$124,'2. Core Log'!$B$5:$B$124,$A20),"")) | G20: =IF($A20="","",IF(ISNUMBER($D20),$D20,0)+IF(ISNUMBER($F20),$F20,0)) | H20: =IF($A20="","",IF($C20=0,"No cores for this plot — it contributes nothing to the site mean. ","")&IF(AND($C20>0,$C20<2),"Only one core in this plot. Bansal et al. recommend three or more per wetland. ","")&IF(AND(ISNUMBER($D20),ISNUMBER($E20),$D20>$E20*1.5),"Most of this plot's carbon lies below the reference depth — make sure your reporting says which number you are quoting. ","")) | I20: =IF(ISNUMBER($G20),$G20,0) -> 0 | J20: =IF(AND(ISNUMBER($G20),$A20<>""),1,0) -> 0
A21: {=IF(INDEX('1. Plot & Site Log'!$A$5:$A$64,ROW()-4)="","",INDEX('1. Plot & Site Log'!$A$5:$A$64,ROW()-4))} | B21: {=IF($A21="","",INDEX('1. Plot & Site Log'!$B$5:$B$64,MATCH($A21,'1. Plot & Site Log'!$A$5:$A$64,0)))} | C21: =IF($A21="","",COUNTIFS('2. Core Log'!$B$5:$B$124,$A21)) | D21: =IF(OR($A21="",$C21=0),"",IFERROR(AVERAGEIFS('2. Core Log'!$R$5:$R$124,'2. Core Log'!$B$5:$B$124,$A21),"")) | E21: =IF(OR($A21="",$C21=0),"",IFERROR(AVERAGEIFS('2. Core Log'!$S$5:$S$124,'2. Core Log'!$B$5:$B$124,$A21),"")) | G21: =IF($A21="","",IF(ISNUMBER($D21),$D21,0)+IF(ISNUMBER($F21),$F21,0)) | H21: =IF($A21="","",IF($C21=0,"No cores for this plot — it contributes nothing to the site mean. ","")&IF(AND($C21>0,$C21<2),"Only one core in this plot. Bansal et al. recommend three or more per wetland. ","")&IF(AND(ISNUMBER($D21),ISNUMBER($E21),$D21>$E21*1.5),"Most of this plot's carbon lies below the reference depth — make sure your reporting says which number you are quoting. ","")) | I21: =IF(ISNUMBER($G21),$G21,0) -> 0 | J21: =IF(AND(ISNUMBER($G21),$A21<>""),1,0) -> 0
A22: {=IF(INDEX('1. Plot & Site Log'!$A$5:$A$64,ROW()-4)="","",INDEX('1. Plot & Site Log'!$A$5:$A$64,ROW()-4))} | B22: {=IF($A22="","",INDEX('1. Plot & Site Log'!$B$5:$B$64,MATCH($A22,'1. Plot & Site Log'!$A$5:$A$64,0)))} | C22: =IF($A22="","",COUNTIFS('2. Core Log'!$B$5:$B$124,$A22)) | D22: =IF(OR($A22="",$C22=0),"",IFERROR(AVERAGEIFS('2. Core Log'!$R$5:$R$124,'2. Core Log'!$B$5:$B$124,$A22),"")) | E22: =IF(OR($A22="",$C22=0),"",IFERROR(AVERAGEIFS('2. Core Log'!$S$5:$S$124,'2. Core Log'!$B$5:$B$124,$A22),"")) | G22: =IF($A22="","",IF(ISNUMBER($D22),$D22,0)+IF(ISNUMBER($F22),$F22,0)) | H22: =IF($A22="","",IF($C22=0,"No cores for this plot — it contributes nothing to the site mean. ","")&IF(AND($C22>0,$C22<2),"Only one core in this plot. Bansal et al. recommend three or more per wetland. ","")&IF(AND(ISNUMBER($D22),ISNUMBER($E22),$D22>$E22*1.5),"Most of this plot's carbon lies below the reference depth — make sure your reporting says which number you are quoting. ","")) | I22: =IF(ISNUMBER($G22),$G22,0) -> 0 | J22: =IF(AND(ISNUMBER($G22),$A22<>""),1,0) -> 0
A23: {=IF(INDEX('1. Plot & Site Log'!$A$5:$A$64,ROW()-4)="","",INDEX('1. Plot & Site Log'!$A$5:$A$64,ROW()-4))} | B23: {=IF($A23="","",INDEX('1. Plot & Site Log'!$B$5:$B$64,MATCH($A23,'1. Plot & Site Log'!$A$5:$A$64,0)))} | C23: =IF($A23="","",COUNTIFS('2. Core Log'!$B$5:$B$124,$A23)) | D23: =IF(OR($A23="",$C23=0),"",IFERROR(AVERAGEIFS('2. Core Log'!$R$5:$R$124,'2. Core Log'!$B$5:$B$124,$A23),"")) | E23: =IF(OR($A23="",$C23=0),"",IFERROR(AVERAGEIFS('2. Core Log'!$S$5:$S$124,'2. Core Log'!$B$5:$B$124,$A23),"")) | G23: =IF($A23="","",IF(ISNUMBER($D23),$D23,0)+IF(ISNUMBER($F23),$F23,0)) | H23: =IF($A23="","",IF($C23=0,"No cores for this plot — it contributes nothing to the site mean. ","")&IF(AND($C23>0,$C23<2),"Only one core in this plot. Bansal et al. recommend three or more per wetland. ","")&IF(AND(ISNUMBER($D23),ISNUMBER($E23),$D23>$E23*1.5),"Most of this plot's carbon lies below the reference depth — make sure your reporting says which number you are quoting. ","")) | I23: =IF(ISNUMBER($G23),$G23,0) -> 0 | J23: =IF(AND(ISNUMBER($G23),$A23<>""),1,0) -> 0
A24: {=IF(INDEX('1. Plot & Site Log'!$A$5:$A$64,ROW()-4)="","",INDEX('1. Plot & Site Log'!$A$5:$A$64,ROW()-4))} | B24: {=IF($A24="","",INDEX('1. Plot & Site Log'!$B$5:$B$64,MATCH($A24,'1. Plot & Site Log'!$A$5:$A$64,0)))} | C24: =IF($A24="","",COUNTIFS('2. Core Log'!$B$5:$B$124,$A24)) | D24: =IF(OR($A24="",$C24=0),"",IFERROR(AVERAGEIFS('2. Core Log'!$R$5:$R$124,'2. Core Log'!$B$5:$B$124,$A24),"")) | E24: =IF(OR($A24="",$C24=0),"",IFERROR(AVERAGEIFS('2. Core Log'!$S$5:$S$124,'2. Core Log'!$B$5:$B$124,$A24),"")) | G24: =IF($A24="","",IF(ISNUMBER($D24),$D24,0)+IF(ISNUMBER($F24),$F24,0)) | H24: =IF($A24="","",IF($C24=0,"No cores for this plot — it contributes nothing to the site mean. ","")&IF(AND($C24>0,$C24<2),"Only one core in this plot. Bansal et al. recommend three or more per wetland. ","")&IF(AND(ISNUMBER($D24),ISNUMBER($E24),$D24>$E24*1.5),"Most of this plot's carbon lies below the reference depth — make sure your reporting says which number you are quoting. ","")) | I24: =IF(ISNUMBER($G24),$G24,0) -> 0 | J24: =IF(AND(ISNUMBER($G24),$A24<>""),1,0) -> 0
... A64: {=IF(INDEX('1. Plot & Site Log'!$A$5:$A$64,ROW()-4)="","",INDEX('1. Plot & Site Log'!$A$5:$A$64,ROW()-4))} | B64: {=IF($A64="","",INDEX('1. Plot & Site Log'!$B$5:$B$64,MATCH($A64,'1. Plot & Site Log'!$A$5:$A$64,0)))} | C64: =IF($A64="","",COUNTIFS('2. Core Log'!$B$5:$B$124,$A64)) | D64: =IF(OR($A64="",$C64=0),"",IFERROR(AVERAGEIFS('2. Core Log'!$R$5:$R$124,'2. Core Log'!$B$5:$B$124,$A64),"")) | E64: =IF(OR($A64="",$C64=0),"",IFERROR(AVERAGEIFS('2. Core Log'!$S$5:$S$124,'2. Core Log'!$B$5:$B$124,$A64),"")) | G64: =IF($A64="","",IF(ISNUMBER($D64),$D64,0)+IF(ISNUMBER($F64),$F64,0)) | H64: =IF($A64="","",IF($C64=0,"No cores for this plot — it contributes nothing to the site mean. ","")&IF(AND($C64>0,$C64<2),"Only one core in this plot. Bansal et al. recommend three or more per wetland. ","")&IF(AND(ISNUMBER($D64),ISNUMBER($E64),$D64>$E64*1.5),"Most of this plot's carbon lies below the reference depth — make sure your reporting says which number you are quoting. ","")) | I64: =IF(ISNUMBER($G64),$G64,0) -> 0 | J64: =IF(AND(ISNUMBER($G64),$A64<>""),1,0) -> 0

Sheet 6. Site Summary
A1: SITE SUMMARY
A2: SIMULATED. Each site has one conceptual plot. Site areas are intentionally blank, so no landscape carbon totals are calculated. Four cores do not support AOI precision claims.
A4: Site ID | B4: Site area (m²) | C4: Plots | D4: Mean (kg C/m²) | E4: SD | F4: Standard error | G4: t (two-sided) | H4: ± half-width (kg C/m²) | I4: Achieved margin | J4: Target margin | K4: Precision | L4: Total carbon (kg C) | M4: Total (t CO₂e) | N4: QC flags
A5: PM-01-A | C5: =IF($A5="","",SUMIFS('5. Plot Summary'!$J$5:$J$64,'5. Plot Summary'!$B$5:$B$64,$A5)) -> 1 | D5: =IF(OR($A5="",NOT(ISNUMBER($C5)),$C5=0),"",SUMIFS('5. Plot Summary'!$I$5:$I$64,'5. Plot Summary'!$B$5:$B$64,$A5)/$C5) -> 0 | E5: =IF(OR($A5="",NOT(ISNUMBER($C5)),$C5<2),"",SQRT(SUMPRODUCT(('5. Plot Summary'!$B$5:$B$64=$A5)*'5. Plot Summary'!$J$5:$J$64*('5. Plot Summary'!$I$5:$I$64-$D5)^2)/($C5-1))) | F5: =IF(OR(NOT(ISNUMBER($E5)),NOT(ISNUMBER($C5)),$C5<2),"",$E5/SQRT($C5)) | G5: =IF(OR($A5="",NOT(ISNUMBER($C5)),$C5<2),"",TINV(1-TARGET_CONFIDENCE,$C5-1)) | H5: =IF(OR(NOT(ISNUMBER($F5)),NOT(ISNUMBER($G5))),"",$G5*$F5) | I5: =IF(OR(NOT(ISNUMBER($H5)),NOT(ISNUMBER($D5)),$D5=0),"",$H5/$D5) | J5: =IF($A5="","",TARGET_MARGIN) -> 0.2 | K5: =IF(NOT(ISNUMBER($I5)),IF($A5="","","Cannot be assessed — at least 2 plots are needed for an interval."),IF($I5<=$J5,"MET: ±"&TEXT($I5,"0%")&" at "&TEXT(TARGET_CONFIDENCE,"0%")&" confidence","NOT MET: ±"&TEXT($I5,"0%")&" against a ±"&TEXT($J5,"0%")&" target")) -> Cannot be assessed — at least 2 plots are needed for an interval. | L5: =IF(OR($A5="",NOT(ISNUMBER($B5)),NOT(ISNUMBER($D5))),"",$D5*$B5) | M5: =IF(NOT(ISNUMBER($L5)),"",$L5*CO2E_FACTOR/1000) | N5: =IF($A5="","",IF($C5=0,"No plots carry this Site ID — check it matches the Plot & Site Log. ","")&IF(AND($C5>0,$C5<2),"Only one plot: a mean can be reported but never an uncertainty. ","")&IF($B5="","No site area, so no total carbon. ","")&IF(AND(ISNUMBER($I5),$I5>$J5),"Wider than planned. Peatland carbon varies more than forest carbon does, largely through depth — more cores, or stratifying by microform and depth, would tighten it. ","")) -> Only one plot: a mean can be reported but never an uncertainty. No site area, so no total carbon.
A6: PM-02-A | C6: =IF($A6="","",SUMIFS('5. Plot Summary'!$J$5:$J$64,'5. Plot Summary'!$B$5:$B$64,$A6)) -> 1 | D6: =IF(OR($A6="",NOT(ISNUMBER($C6)),$C6=0),"",SUMIFS('5. Plot Summary'!$I$5:$I$64,'5. Plot Summary'!$B$5:$B$64,$A6)/$C6) -> 0 | E6: =IF(OR($A6="",NOT(ISNUMBER($C6)),$C6<2),"",SQRT(SUMPRODUCT(('5. Plot Summary'!$B$5:$B$64=$A6)*'5. Plot Summary'!$J$5:$J$64*('5. Plot Summary'!$I$5:$I$64-$D6)^2)/($C6-1))) | F6: =IF(OR(NOT(ISNUMBER($E6)),NOT(ISNUMBER($C6)),$C6<2),"",$E6/SQRT($C6)) | G6: =IF(OR($A6="",NOT(ISNUMBER($C6)),$C6<2),"",TINV(1-TARGET_CONFIDENCE,$C6-1)) | H6: =IF(OR(NOT(ISNUMBER($F6)),NOT(ISNUMBER($G6))),"",$G6*$F6) | I6: =IF(OR(NOT(ISNUMBER($H6)),NOT(ISNUMBER($D6)),$D6=0),"",$H6/$D6) | J6: =IF($A6="","",TARGET_MARGIN) -> 0.2 | K6: =IF(NOT(ISNUMBER($I6)),IF($A6="","","Cannot be assessed — at least 2 plots are needed for an interval."),IF($I6<=$J6,"MET: ±"&TEXT($I6,"0%")&" at "&TEXT(TARGET_CONFIDENCE,"0%")&" confidence","NOT MET: ±"&TEXT($I6,"0%")&" against a ±"&TEXT($J6,"0%")&" target")) -> Cannot be assessed — at least 2 plots are needed for an interval. | L6: =IF(OR($A6="",NOT(ISNUMBER($B6)),NOT(ISNUMBER($D6))),"",$D6*$B6) | M6: =IF(NOT(ISNUMBER($L6)),"",$L6*CO2E_FACTOR/1000) | N6: =IF($A6="","",IF($C6=0,"No plots carry this Site ID — check it matches the Plot & Site Log. ","")&IF(AND($C6>0,$C6<2),"Only one plot: a mean can be reported but never an uncertainty. ","")&IF($B6="","No site area, so no total carbon. ","")&IF(AND(ISNUMBER($I6),$I6>$J6),"Wider than planned. Peatland carbon varies more than forest carbon does, largely through depth — more cores, or stratifying by microform and depth, would tighten it. ","")) -> Only one plot: a mean can be reported but never an uncertainty. No site area, so no total carbon.
A7: PM-03-A | C7: =IF($A7="","",SUMIFS('5. Plot Summary'!$J$5:$J$64,'5. Plot Summary'!$B$5:$B$64,$A7)) -> 1 | D7: =IF(OR($A7="",NOT(ISNUMBER($C7)),$C7=0),"",SUMIFS('5. Plot Summary'!$I$5:$I$64,'5. Plot Summary'!$B$5:$B$64,$A7)/$C7) -> 0 | E7: =IF(OR($A7="",NOT(ISNUMBER($C7)),$C7<2),"",SQRT(SUMPRODUCT(('5. Plot Summary'!$B$5:$B$64=$A7)*'5. Plot Summary'!$J$5:$J$64*('5. Plot Summary'!$I$5:$I$64-$D7)^2)/($C7-1))) | F7: =IF(OR(NOT(ISNUMBER($E7)),NOT(ISNUMBER($C7)),$C7<2),"",$E7/SQRT($C7)) | G7: =IF(OR($A7="",NOT(ISNUMBER($C7)),$C7<2),"",TINV(1-TARGET_CONFIDENCE,$C7-1)) | H7: =IF(OR(NOT(ISNUMBER($F7)),NOT(ISNUMBER($G7))),"",$G7*$F7) | I7: =IF(OR(NOT(ISNUMBER($H7)),NOT(ISNUMBER($D7)),$D7=0),"",$H7/$D7) | J7: =IF($A7="","",TARGET_MARGIN) -> 0.2 | K7: =IF(NOT(ISNUMBER($I7)),IF($A7="","","Cannot be assessed — at least 2 plots are needed for an interval."),IF($I7<=$J7,"MET: ±"&TEXT($I7,"0%")&" at "&TEXT(TARGET_CONFIDENCE,"0%")&" confidence","NOT MET: ±"&TEXT($I7,"0%")&" against a ±"&TEXT($J7,"0%")&" target")) -> Cannot be assessed — at least 2 plots are needed for an interval. | L7: =IF(OR($A7="",NOT(ISNUMBER($B7)),NOT(ISNUMBER($D7))),"",$D7*$B7) | M7: =IF(NOT(ISNUMBER($L7)),"",$L7*CO2E_FACTOR/1000) | N7: =IF($A7="","",IF($C7=0,"No plots carry this Site ID — check it matches the Plot & Site Log. ","")&IF(AND($C7>0,$C7<2),"Only one plot: a mean can be reported but never an uncertainty. ","")&IF($B7="","No site area, so no total carbon. ","")&IF(AND(ISNUMBER($I7),$I7>$J7),"Wider than planned. Peatland carbon varies more than forest carbon does, largely through depth — more cores, or stratifying by microform and depth, would tighten it. ","")) -> Only one plot: a mean can be reported but never an uncertainty. No site area, so no total carbon.
A8: FS-01 | C8: =IF($A8="","",SUMIFS('5. Plot Summary'!$J$5:$J$64,'5. Plot Summary'!$B$5:$B$64,$A8)) -> 1 | D8: =IF(OR($A8="",NOT(ISNUMBER($C8)),$C8=0),"",SUMIFS('5. Plot Summary'!$I$5:$I$64,'5. Plot Summary'!$B$5:$B$64,$A8)/$C8) -> 14.263005 | E8: =IF(OR($A8="",NOT(ISNUMBER($C8)),$C8<2),"",SQRT(SUMPRODUCT(('5. Plot Summary'!$B$5:$B$64=$A8)*'5. Plot Summary'!$J$5:$J$64*('5. Plot Summary'!$I$5:$I$64-$D8)^2)/($C8-1))) | F8: =IF(OR(NOT(ISNUMBER($E8)),NOT(ISNUMBER($C8)),$C8<2),"",$E8/SQRT($C8)) | G8: =IF(OR($A8="",NOT(ISNUMBER($C8)),$C8<2),"",TINV(1-TARGET_CONFIDENCE,$C8-1)) | H8: =IF(OR(NOT(ISNUMBER($F8)),NOT(ISNUMBER($G8))),"",$G8*$F8) | I8: =IF(OR(NOT(ISNUMBER($H8)),NOT(ISNUMBER($D8)),$D8=0),"",$H8/$D8) | J8: =IF($A8="","",TARGET_MARGIN) -> 0.2 | K8: =IF(NOT(ISNUMBER($I8)),IF($A8="","","Cannot be assessed — at least 2 plots are needed for an interval."),IF($I8<=$J8,"MET: ±"&TEXT($I8,"0%")&" at "&TEXT(TARGET_CONFIDENCE,"0%")&" confidence","NOT MET: ±"&TEXT($I8,"0%")&" against a ±"&TEXT($J8,"0%")&" target")) -> Cannot be assessed — at least 2 plots are needed for an interval. | L8: =IF(OR($A8="",NOT(ISNUMBER($B8)),NOT(ISNUMBER($D8))),"",$D8*$B8) | M8: =IF(NOT(ISNUMBER($L8)),"",$L8*CO2E_FACTOR/1000) | N8: =IF($A8="","",IF($C8=0,"No plots carry this Site ID — check it matches the Plot & Site Log. ","")&IF(AND($C8>0,$C8<2),"Only one plot: a mean can be reported but never an uncertainty. ","")&IF($B8="","No site area, so no total carbon. ","")&IF(AND(ISNUMBER($I8),$I8>$J8),"Wider than planned. Peatland carbon varies more than forest carbon does, largely through depth — more cores, or stratifying by microform and depth, would tighten it. ","")) -> Only one plot: a mean can be reported but never an uncertainty. No site area, so no total carbon.
A9: FS-02 | C9: =IF($A9="","",SUMIFS('5. Plot Summary'!$J$5:$J$64,'5. Plot Summary'!$B$5:$B$64,$A9)) -> 1 | D9: =IF(OR($A9="",NOT(ISNUMBER($C9)),$C9=0),"",SUMIFS('5. Plot Summary'!$I$5:$I$64,'5. Plot Summary'!$B$5:$B$64,$A9)/$C9) -> 8.3815614 | E9: =IF(OR($A9="",NOT(ISNUMBER($C9)),$C9<2),"",SQRT(SUMPRODUCT(('5. Plot Summary'!$B$5:$B$64=$A9)*'5. Plot Summary'!$J$5:$J$64*('5. Plot Summary'!$I$5:$I$64-$D9)^2)/($C9-1))) | F9: =IF(OR(NOT(ISNUMBER($E9)),NOT(ISNUMBER($C9)),$C9<2),"",$E9/SQRT($C9)) | G9: =IF(OR($A9="",NOT(ISNUMBER($C9)),$C9<2),"",TINV(1-TARGET_CONFIDENCE,$C9-1)) | H9: =IF(OR(NOT(ISNUMBER($F9)),NOT(ISNUMBER($G9))),"",$G9*$F9) | I9: =IF(OR(NOT(ISNUMBER($H9)),NOT(ISNUMBER($D9)),$D9=0),"",$H9/$D9) | J9: =IF($A9="","",TARGET_MARGIN) -> 0.2 | K9: =IF(NOT(ISNUMBER($I9)),IF($A9="","","Cannot be assessed — at least 2 plots are needed for an interval."),IF($I9<=$J9,"MET: ±"&TEXT($I9,"0%")&" at "&TEXT(TARGET_CONFIDENCE,"0%")&" confidence","NOT MET: ±"&TEXT($I9,"0%")&" against a ±"&TEXT($J9,"0%")&" target")) -> Cannot be assessed — at least 2 plots are needed for an interval. | L9: =IF(OR($A9="",NOT(ISNUMBER($B9)),NOT(ISNUMBER($D9))),"",$D9*$B9) | M9: =IF(NOT(ISNUMBER($L9)),"",$L9*CO2E_FACTOR/1000) | N9: =IF($A9="","",IF($C9=0,"No plots carry this Site ID — check it matches the Plot & Site Log. ","")&IF(AND($C9>0,$C9<2),"Only one plot: a mean can be reported but never an uncertainty. ","")&IF($B9="","No site area, so no total carbon. ","")&IF(AND(ISNUMBER($I9),$I9>$J9),"Wider than planned. Peatland carbon varies more than forest carbon does, largely through depth — more cores, or stratifying by microform and depth, would tighten it. ","")) -> Only one plot: a mean can be reported but never an uncertainty. No site area, so no total carbon.
A10: FS-03 | C10: =IF($A10="","",SUMIFS('5. Plot Summary'!$J$5:$J$64,'5. Plot Summary'!$B$5:$B$64,$A10)) -> 2 | D10: =IF(OR($A10="",NOT(ISNUMBER($C10)),$C10=0),"",SUMIFS('5. Plot Summary'!$I$5:$I$64,'5. Plot Summary'!$B$5:$B$64,$A10)/$C10) -> 2.1111516 | E10: =IF(OR($A10="",NOT(ISNUMBER($C10)),$C10<2),"",SQRT(SUMPRODUCT(('5. Plot Summary'!$B$5:$B$64=$A10)*'5. Plot Summary'!$J$5:$J$64*('5. Plot Summary'!$I$5:$I$64-$D10)^2)/($C10-1))) -> 2.9856192 | F10: =IF(OR(NOT(ISNUMBER($E10)),NOT(ISNUMBER($C10)),$C10<2),"",$E10/SQRT($C10)) -> 2.1111516 | G10: =IF(OR($A10="",NOT(ISNUMBER($C10)),$C10<2),"",TINV(1-TARGET_CONFIDENCE,$C10-1)) -> 6.3137515 | H10: =IF(OR(NOT(ISNUMBER($F10)),NOT(ISNUMBER($G10))),"",$G10*$F10) -> 13.329286 | I10: =IF(OR(NOT(ISNUMBER($H10)),NOT(ISNUMBER($D10)),$D10=0),"",$H10/$D10) -> 6.3137515 | J10: =IF($A10="","",TARGET_MARGIN) -> 0.2 | K10: =IF(NOT(ISNUMBER($I10)),IF($A10="","","Cannot be assessed — at least 2 plots are needed for an interval."),IF($I10<=$J10,"MET: ±"&TEXT($I10,"0%")&" at "&TEXT(TARGET_CONFIDENCE,"0%")&" confidence","NOT MET: ±"&TEXT($I10,"0%")&" against a ±"&TEXT($J10,"0%")&" target")) -> NOT MET: ±631% against a ±20% target | L10: =IF(OR($A10="",NOT(ISNUMBER($B10)),NOT(ISNUMBER($D10))),"",$D10*$B10) | M10: =IF(NOT(ISNUMBER($L10)),"",$L10*CO2E_FACTOR/1000) | N10: =IF($A10="","",IF($C10=0,"No plots carry this Site ID — check it matches the Plot & Site Log. ","")&IF(AND($C10>0,$C10<2),"Only one plot: a mean can be reported but never an uncertainty. ","")&IF($B10="","No site area, so no total carbon. ","")&IF(AND(ISNUMBER($I10),$I10>$J10),"Wider than planned. Peatland carbon varies more than forest carbon does, largely through depth — more cores, or stratifying by microform and depth, would tighten it. ","")) -> No site area, so no total carbon. Wider than planned. Peatland carbon varies more than forest carbon does, largely through depth — more cores, or stratifying by microform and depth, would tighten it.
A11: FS-03 | C11: =IF($A11="","",SUMIFS('5. Plot Summary'!$J$5:$J$64,'5. Plot Summary'!$B$5:$B$64,$A11)) -> 2 | D11: =IF(OR($A11="",NOT(ISNUMBER($C11)),$C11=0),"",SUMIFS('5. Plot Summary'!$I$5:$I$64,'5. Plot Summary'!$B$5:$B$64,$A11)/$C11) -> 2.1111516 | E11: =IF(OR($A11="",NOT(ISNUMBER($C11)),$C11<2),"",SQRT(SUMPRODUCT(('5. Plot Summary'!$B$5:$B$64=$A11)*'5. Plot Summary'!$J$5:$J$64*('5. Plot Summary'!$I$5:$I$64-$D11)^2)/($C11-1))) -> 2.9856192 | F11: =IF(OR(NOT(ISNUMBER($E11)),NOT(ISNUMBER($C11)),$C11<2),"",$E11/SQRT($C11)) -> 2.1111516 | G11: =IF(OR($A11="",NOT(ISNUMBER($C11)),$C11<2),"",TINV(1-TARGET_CONFIDENCE,$C11-1)) -> 6.3137515 | H11: =IF(OR(NOT(ISNUMBER($F11)),NOT(ISNUMBER($G11))),"",$G11*$F11) -> 13.329286 | I11: =IF(OR(NOT(ISNUMBER($H11)),NOT(ISNUMBER($D11)),$D11=0),"",$H11/$D11) -> 6.3137515 | J11: =IF($A11="","",TARGET_MARGIN) -> 0.2 | K11: =IF(NOT(ISNUMBER($I11)),IF($A11="","","Cannot be assessed — at least 2 plots are needed for an interval."),IF($I11<=$J11,"MET: ±"&TEXT($I11,"0%")&" at "&TEXT(TARGET_CONFIDENCE,"0%")&" confidence","NOT MET: ±"&TEXT($I11,"0%")&" against a ±"&TEXT($J11,"0%")&" target")) -> NOT MET: ±631% against a ±20% target | L11: =IF(OR($A11="",NOT(ISNUMBER($B11)),NOT(ISNUMBER($D11))),"",$D11*$B11) | M11: =IF(NOT(ISNUMBER($L11)),"",$L11*CO2E_FACTOR/1000) | N11: =IF($A11="","",IF($C11=0,"No plots carry this Site ID — check it matches the Plot & Site Log. ","")&IF(AND($C11>0,$C11<2),"Only one plot: a mean can be reported but never an uncertainty. ","")&IF($B11="","No site area, so no total carbon. ","")&IF(AND(ISNUMBER($I11),$I11>$J11),"Wider than planned. Peatland carbon varies more than forest carbon does, largely through depth — more cores, or stratifying by microform and depth, would tighten it. ","")) -> No site area, so no total carbon. Wider than planned. Peatland carbon varies more than forest carbon does, largely through depth — more cores, or stratifying by microform and depth, would tighten it.
A12: FS_05 | C12: =IF($A12="","",SUMIFS('5. Plot Summary'!$J$5:$J$64,'5. Plot Summary'!$B$5:$B$64,$A12)) -> 1 | D12: =IF(OR($A12="",NOT(ISNUMBER($C12)),$C12=0),"",SUMIFS('5. Plot Summary'!$I$5:$I$64,'5. Plot Summary'!$B$5:$B$64,$A12)/$C12) -> 0 | E12: =IF(OR($A12="",NOT(ISNUMBER($C12)),$C12<2),"",SQRT(SUMPRODUCT(('5. Plot Summary'!$B$5:$B$64=$A12)*'5. Plot Summary'!$J$5:$J$64*('5. Plot Summary'!$I$5:$I$64-$D12)^2)/($C12-1))) | F12: =IF(OR(NOT(ISNUMBER($E12)),NOT(ISNUMBER($C12)),$C12<2),"",$E12/SQRT($C12)) | G12: =IF(OR($A12="",NOT(ISNUMBER($C12)),$C12<2),"",TINV(1-TARGET_CONFIDENCE,$C12-1)) | H12: =IF(OR(NOT(ISNUMBER($F12)),NOT(ISNUMBER($G12))),"",$G12*$F12) | I12: =IF(OR(NOT(ISNUMBER($H12)),NOT(ISNUMBER($D12)),$D12=0),"",$H12/$D12) | J12: =IF($A12="","",TARGET_MARGIN) -> 0.2 | K12: =IF(NOT(ISNUMBER($I12)),IF($A12="","","Cannot be assessed — at least 2 plots are needed for an interval."),IF($I12<=$J12,"MET: ±"&TEXT($I12,"0%")&" at "&TEXT(TARGET_CONFIDENCE,"0%")&" confidence","NOT MET: ±"&TEXT($I12,"0%")&" against a ±"&TEXT($J12,"0%")&" target")) -> Cannot be assessed — at least 2 plots are needed for an interval. | L12: =IF(OR($A12="",NOT(ISNUMBER($B12)),NOT(ISNUMBER($D12))),"",$D12*$B12) | M12: =IF(NOT(ISNUMBER($L12)),"",$L12*CO2E_FACTOR/1000) | N12: =IF($A12="","",IF($C12=0,"No plots carry this Site ID — check it matches the Plot & Site Log. ","")&IF(AND($C12>0,$C12<2),"Only one plot: a mean can be reported but never an uncertainty. ","")&IF($B12="","No site area, so no total carbon. ","")&IF(AND(ISNUMBER($I12),$I12>$J12),"Wider than planned. Peatland carbon varies more than forest carbon does, largely through depth — more cores, or stratifying by microform and depth, would tighten it. ","")) -> Only one plot: a mean can be reported but never an uncertainty. No site area, so no total carbon.
C13: =IF($A13="","",SUMIFS('5. Plot Summary'!$J$5:$J$64,'5. Plot Summary'!$B$5:$B$64,$A13)) | D13: =IF(OR($A13="",NOT(ISNUMBER($C13)),$C13=0),"",SUMIFS('5. Plot Summary'!$I$5:$I$64,'5. Plot Summary'!$B$5:$B$64,$A13)/$C13) | E13: =IF(OR($A13="",NOT(ISNUMBER($C13)),$C13<2),"",SQRT(SUMPRODUCT(('5. Plot Summary'!$B$5:$B$64=$A13)*'5. Plot Summary'!$J$5:$J$64*('5. Plot Summary'!$I$5:$I$64-$D13)^2)/($C13-1))) | F13: =IF(OR(NOT(ISNUMBER($E13)),NOT(ISNUMBER($C13)),$C13<2),"",$E13/SQRT($C13)) | G13: =IF(OR($A13="",NOT(ISNUMBER($C13)),$C13<2),"",TINV(1-TARGET_CONFIDENCE,$C13-1)) | H13: =IF(OR(NOT(ISNUMBER($F13)),NOT(ISNUMBER($G13))),"",$G13*$F13) | I13: =IF(OR(NOT(ISNUMBER($H13)),NOT(ISNUMBER($D13)),$D13=0),"",$H13/$D13) | J13: =IF($A13="","",TARGET_MARGIN) | K13: =IF(NOT(ISNUMBER($I13)),IF($A13="","","Cannot be assessed — at least 2 plots are needed for an interval."),IF($I13<=$J13,"MET: ±"&TEXT($I13,"0%")&" at "&TEXT(TARGET_CONFIDENCE,"0%")&" confidence","NOT MET: ±"&TEXT($I13,"0%")&" against a ±"&TEXT($J13,"0%")&" target")) | L13: =IF(OR($A13="",NOT(ISNUMBER($B13)),NOT(ISNUMBER($D13))),"",$D13*$B13) | M13: =IF(NOT(ISNUMBER($L13)),"",$L13*CO2E_FACTOR/1000) | N13: =IF($A13="","",IF($C13=0,"No plots carry this Site ID — check it matches the Plot & Site Log. ","")&IF(AND($C13>0,$C13<2),"Only one plot: a mean can be reported but never an uncertainty. ","")&IF($B13="","No site area, so no total carbon. ","")&IF(AND(ISNUMBER($I13),$I13>$J13),"Wider than planned. Peatland carbon varies more than forest carbon does, largely through depth — more cores, or stratifying by microform and depth, would tighten it. ",""))
C14: =IF($A14="","",SUMIFS('5. Plot Summary'!$J$5:$J$64,'5. Plot Summary'!$B$5:$B$64,$A14)) | D14: =IF(OR($A14="",NOT(ISNUMBER($C14)),$C14=0),"",SUMIFS('5. Plot Summary'!$I$5:$I$64,'5. Plot Summary'!$B$5:$B$64,$A14)/$C14) | E14: =IF(OR($A14="",NOT(ISNUMBER($C14)),$C14<2),"",SQRT(SUMPRODUCT(('5. Plot Summary'!$B$5:$B$64=$A14)*'5. Plot Summary'!$J$5:$J$64*('5. Plot Summary'!$I$5:$I$64-$D14)^2)/($C14-1))) | F14: =IF(OR(NOT(ISNUMBER($E14)),NOT(ISNUMBER($C14)),$C14<2),"",$E14/SQRT($C14)) | G14: =IF(OR($A14="",NOT(ISNUMBER($C14)),$C14<2),"",TINV(1-TARGET_CONFIDENCE,$C14-1)) | H14: =IF(OR(NOT(ISNUMBER($F14)),NOT(ISNUMBER($G14))),"",$G14*$F14) | I14: =IF(OR(NOT(ISNUMBER($H14)),NOT(ISNUMBER($D14)),$D14=0),"",$H14/$D14) | J14: =IF($A14="","",TARGET_MARGIN) | K14: =IF(NOT(ISNUMBER($I14)),IF($A14="","","Cannot be assessed — at least 2 plots are needed for an interval."),IF($I14<=$J14,"MET: ±"&TEXT($I14,"0%")&" at "&TEXT(TARGET_CONFIDENCE,"0%")&" confidence","NOT MET: ±"&TEXT($I14,"0%")&" against a ±"&TEXT($J14,"0%")&" target")) | L14: =IF(OR($A14="",NOT(ISNUMBER($B14)),NOT(ISNUMBER($D14))),"",$D14*$B14) | M14: =IF(NOT(ISNUMBER($L14)),"",$L14*CO2E_FACTOR/1000) | N14: =IF($A14="","",IF($C14=0,"No plots carry this Site ID — check it matches the Plot & Site Log. ","")&IF(AND($C14>0,$C14<2),"Only one plot: a mean can be reported but never an uncertainty. ","")&IF($B14="","No site area, so no total carbon. ","")&IF(AND(ISNUMBER($I14),$I14>$J14),"Wider than planned. Peatland carbon varies more than forest carbon does, largely through depth — more cores, or stratifying by microform and depth, would tighten it. ",""))
C15: =IF($A15="","",SUMIFS('5. Plot Summary'!$J$5:$J$64,'5. Plot Summary'!$B$5:$B$64,$A15)) | D15: =IF(OR($A15="",NOT(ISNUMBER($C15)),$C15=0),"",SUMIFS('5. Plot Summary'!$I$5:$I$64,'5. Plot Summary'!$B$5:$B$64,$A15)/$C15) | E15: =IF(OR($A15="",NOT(ISNUMBER($C15)),$C15<2),"",SQRT(SUMPRODUCT(('5. Plot Summary'!$B$5:$B$64=$A15)*'5. Plot Summary'!$J$5:$J$64*('5. Plot Summary'!$I$5:$I$64-$D15)^2)/($C15-1))) | F15: =IF(OR(NOT(ISNUMBER($E15)),NOT(ISNUMBER($C15)),$C15<2),"",$E15/SQRT($C15)) | G15: =IF(OR($A15="",NOT(ISNUMBER($C15)),$C15<2),"",TINV(1-TARGET_CONFIDENCE,$C15-1)) | H15: =IF(OR(NOT(ISNUMBER($F15)),NOT(ISNUMBER($G15))),"",$G15*$F15) | I15: =IF(OR(NOT(ISNUMBER($H15)),NOT(ISNUMBER($D15)),$D15=0),"",$H15/$D15) | J15: =IF($A15="","",TARGET_MARGIN) | K15: =IF(NOT(ISNUMBER($I15)),IF($A15="","","Cannot be assessed — at least 2 plots are needed for an interval."),IF($I15<=$J15,"MET: ±"&TEXT($I15,"0%")&" at "&TEXT(TARGET_CONFIDENCE,"0%")&" confidence","NOT MET: ±"&TEXT($I15,"0%")&" against a ±"&TEXT($J15,"0%")&" target")) | L15: =IF(OR($A15="",NOT(ISNUMBER($B15)),NOT(ISNUMBER($D15))),"",$D15*$B15) | M15: =IF(NOT(ISNUMBER($L15)),"",$L15*CO2E_FACTOR/1000) | N15: =IF($A15="","",IF($C15=0,"No plots carry this Site ID — check it matches the Plot & Site Log. ","")&IF(AND($C15>0,$C15<2),"Only one plot: a mean can be reported but never an uncertainty. ","")&IF($B15="","No site area, so no total carbon. ","")&IF(AND(ISNUMBER($I15),$I15>$J15),"Wider than planned. Peatland carbon varies more than forest carbon does, largely through depth — more cores, or stratifying by microform and depth, would tighten it. ",""))
C16: =IF($A16="","",SUMIFS('5. Plot Summary'!$J$5:$J$64,'5. Plot Summary'!$B$5:$B$64,$A16)) | D16: =IF(OR($A16="",NOT(ISNUMBER($C16)),$C16=0),"",SUMIFS('5. Plot Summary'!$I$5:$I$64,'5. Plot Summary'!$B$5:$B$64,$A16)/$C16) | E16: =IF(OR($A16="",NOT(ISNUMBER($C16)),$C16<2),"",SQRT(SUMPRODUCT(('5. Plot Summary'!$B$5:$B$64=$A16)*'5. Plot Summary'!$J$5:$J$64*('5. Plot Summary'!$I$5:$I$64-$D16)^2)/($C16-1))) | F16: =IF(OR(NOT(ISNUMBER($E16)),NOT(ISNUMBER($C16)),$C16<2),"",$E16/SQRT($C16)) | G16: =IF(OR($A16="",NOT(ISNUMBER($C16)),$C16<2),"",TINV(1-TARGET_CONFIDENCE,$C16-1)) | H16: =IF(OR(NOT(ISNUMBER($F16)),NOT(ISNUMBER($G16))),"",$G16*$F16) | I16: =IF(OR(NOT(ISNUMBER($H16)),NOT(ISNUMBER($D16)),$D16=0),"",$H16/$D16) | J16: =IF($A16="","",TARGET_MARGIN) | K16: =IF(NOT(ISNUMBER($I16)),IF($A16="","","Cannot be assessed — at least 2 plots are needed for an interval."),IF($I16<=$J16,"MET: ±"&TEXT($I16,"0%")&" at "&TEXT(TARGET_CONFIDENCE,"0%")&" confidence","NOT MET: ±"&TEXT($I16,"0%")&" against a ±"&TEXT($J16,"0%")&" target")) | L16: =IF(OR($A16="",NOT(ISNUMBER($B16)),NOT(ISNUMBER($D16))),"",$D16*$B16) | M16: =IF(NOT(ISNUMBER($L16)),"",$L16*CO2E_FACTOR/1000) | N16: =IF($A16="","",IF($C16=0,"No plots carry this Site ID — check it matches the Plot & Site Log. ","")&IF(AND($C16>0,$C16<2),"Only one plot: a mean can be reported but never an uncertainty. ","")&IF($B16="","No site area, so no total carbon. ","")&IF(AND(ISNUMBER($I16),$I16>$J16),"Wider than planned. Peatland carbon varies more than forest carbon does, largely through depth — more cores, or stratifying by microform and depth, would tighten it. ",""))
C17: =IF($A17="","",SUMIFS('5. Plot Summary'!$J$5:$J$64,'5. Plot Summary'!$B$5:$B$64,$A17)) | D17: =IF(OR($A17="",NOT(ISNUMBER($C17)),$C17=0),"",SUMIFS('5. Plot Summary'!$I$5:$I$64,'5. Plot Summary'!$B$5:$B$64,$A17)/$C17) | E17: =IF(OR($A17="",NOT(ISNUMBER($C17)),$C17<2),"",SQRT(SUMPRODUCT(('5. Plot Summary'!$B$5:$B$64=$A17)*'5. Plot Summary'!$J$5:$J$64*('5. Plot Summary'!$I$5:$I$64-$D17)^2)/($C17-1))) | F17: =IF(OR(NOT(ISNUMBER($E17)),NOT(ISNUMBER($C17)),$C17<2),"",$E17/SQRT($C17)) | G17: =IF(OR($A17="",NOT(ISNUMBER($C17)),$C17<2),"",TINV(1-TARGET_CONFIDENCE,$C17-1)) | H17: =IF(OR(NOT(ISNUMBER($F17)),NOT(ISNUMBER($G17))),"",$G17*$F17) | I17: =IF(OR(NOT(ISNUMBER($H17)),NOT(ISNUMBER($D17)),$D17=0),"",$H17/$D17) | J17: =IF($A17="","",TARGET_MARGIN) | K17: =IF(NOT(ISNUMBER($I17)),IF($A17="","","Cannot be assessed — at least 2 plots are needed for an interval."),IF($I17<=$J17,"MET: ±"&TEXT($I17,"0%")&" at "&TEXT(TARGET_CONFIDENCE,"0%")&" confidence","NOT MET: ±"&TEXT($I17,"0%")&" against a ±"&TEXT($J17,"0%")&" target")) | L17: =IF(OR($A17="",NOT(ISNUMBER($B17)),NOT(ISNUMBER($D17))),"",$D17*$B17) | M17: =IF(NOT(ISNUMBER($L17)),"",$L17*CO2E_FACTOR/1000) | N17: =IF($A17="","",IF($C17=0,"No plots carry this Site ID — check it matches the Plot & Site Log. ","")&IF(AND($C17>0,$C17<2),"Only one plot: a mean can be reported but never an uncertainty. ","")&IF($B17="","No site area, so no total carbon. ","")&IF(AND(ISNUMBER($I17),$I17>$J17),"Wider than planned. Peatland carbon varies more than forest carbon does, largely through depth — more cores, or stratifying by microform and depth, would tighten it. ",""))
C18: =IF($A18="","",SUMIFS('5. Plot Summary'!$J$5:$J$64,'5. Plot Summary'!$B$5:$B$64,$A18)) | D18: =IF(OR($A18="",NOT(ISNUMBER($C18)),$C18=0),"",SUMIFS('5. Plot Summary'!$I$5:$I$64,'5. Plot Summary'!$B$5:$B$64,$A18)/$C18) | E18: =IF(OR($A18="",NOT(ISNUMBER($C18)),$C18<2),"",SQRT(SUMPRODUCT(('5. Plot Summary'!$B$5:$B$64=$A18)*'5. Plot Summary'!$J$5:$J$64*('5. Plot Summary'!$I$5:$I$64-$D18)^2)/($C18-1))) | F18: =IF(OR(NOT(ISNUMBER($E18)),NOT(ISNUMBER($C18)),$C18<2),"",$E18/SQRT($C18)) | G18: =IF(OR($A18="",NOT(ISNUMBER($C18)),$C18<2),"",TINV(1-TARGET_CONFIDENCE,$C18-1)) | H18: =IF(OR(NOT(ISNUMBER($F18)),NOT(ISNUMBER($G18))),"",$G18*$F18) | I18: =IF(OR(NOT(ISNUMBER($H18)),NOT(ISNUMBER($D18)),$D18=0),"",$H18/$D18) | J18: =IF($A18="","",TARGET_MARGIN) | K18: =IF(NOT(ISNUMBER($I18)),IF($A18="","","Cannot be assessed — at least 2 plots are needed for an interval."),IF($I18<=$J18,"MET: ±"&TEXT($I18,"0%")&" at "&TEXT(TARGET_CONFIDENCE,"0%")&" confidence","NOT MET: ±"&TEXT($I18,"0%")&" against a ±"&TEXT($J18,"0%")&" target")) | L18: =IF(OR($A18="",NOT(ISNUMBER($B18)),NOT(ISNUMBER($D18))),"",$D18*$B18) | M18: =IF(NOT(ISNUMBER($L18)),"",$L18*CO2E_FACTOR/1000) | N18: =IF($A18="","",IF($C18=0,"No plots carry this Site ID — check it matches the Plot & Site Log. ","")&IF(AND($C18>0,$C18<2),"Only one plot: a mean can be reported but never an uncertainty. ","")&IF($B18="","No site area, so no total carbon. ","")&IF(AND(ISNUMBER($I18),$I18>$J18),"Wider than planned. Peatland carbon varies more than forest carbon does, largely through depth — more cores, or stratifying by microform and depth, would tighten it. ",""))
A21: STUDY AREA — all sites combined, weighted by area
A22: Total area (m²) | B22: =IF(SUM($B$5:$B$18)=0,"",SUM($B$5:$B$18))
A23: Total carbon (kg C) | B23: =IF(SUM($L$5:$L$18)=0,"",SUM($L$5:$L$18))
A24: Area-weighted mean (kg C/m²) | B24: =IF(OR($B$22="",$B$23=""),"",$B$23/$B$22)
A25: Total (t CO₂e) | B25: =IF($B$23="","",$B$23*CO2E_FACTOR/1000)
A27: Basis: sampled soil profiles only; deeper forest carbon is unknown.
A28: Reference depth reported alongside: | B28: =REFERENCE_DEPTH_CM&" cm" -> 100 cm
A29: No AOI extrapolation: areas are blank. Forest values cover 45 or 60 cm only; wetland values cover the full constructed peat profile.

Sheet 7. Settings
A1: SETTINGS
A2: Everything the calculator assumes lives here. Change it once and every sheet follows.
A4: Parameter | B4: Value | C4: What it does
A5: CARBON_FRACTION_OM | B5: 0.5 | C5: Fraction of peat organic matter that is carbon, used to convert LOI550 to %C. The peat guide's value. See 'R1. Reference' — published factors run 0.21–0.58 and local calibration against CHN is recommended.
A6: OM_FACTOR_IS_LOCAL | B6: No | C6: Set to Yes once you have calibrated the factor above against elemental analysis on a subset of your own samples. Leaving it No raises an advisory flag, not an error.
A7: CO2E_FACTOR | B7: 3.67 | C7: Multiply kg C by this to report CO₂ equivalents.
A8: REFERENCE_DEPTH_CM | B8: 100 | C8: The fixed depth reported alongside the full profile, so cores of different depths stay comparable. 100 cm is the coastal-carbon convention; 30, 50 and 200 cm are also used.
A9: PEATLAND_MIN_DEPTH_CM | B9: 30 | C9: Organic horizon depth at or above which the guide classes a site as peatland. Cores shallower than this are flagged for interpretation, not rejected.
A10: PLOT_AREA_M2 | B10: 100 | C10: Area each plot represents. The peat guide works in 10 × 10 m plots with one coring site per plot.
A11: TARGET_MARGIN | B11: 0.2 | C11: Precision target set in Part 2, Step 4. ±20% of the mean by default.
A12: TARGET_CONFIDENCE | B12: 0.9 | C12: Confidence level for the target and for all reported intervals.
A13: QC_BD_MIN | B13: 0.02 | C13: Minimum plausible bulk density, g/cm³. Set LOW deliberately: surface Sphagnum peat runs 0.02–0.05, and a mineral-soil threshold would reject most real peat.
A14: QC_BD_MAX | B14: 1.2 | C14: Maximum plausible bulk density for peat, g/cm³. Values above this usually mean the mineral contact has been passed.
A15: QC_CARBON_PCT_MAX | B15: 60 | C15: Flag carbon above this per cent. Peat runs roughly 45–55%; higher usually means organic matter has been entered instead of carbon.
A16: QC_RECOVERY_MIN | B16: 0.9 | C16: Minimum acceptable ratio of core length recovered to bore depth. Below this, the corer chamber probably did not fill completely.
A17: LORCA_MIN | B17: 4 | C17: Lower sanity bound for long-term accumulation, g C/m²/yr. Published peatland values run roughly 4.6–85.8, mean ~20.
A18: LORCA_MAX | B18: 90 | C18: Upper sanity bound for long-term accumulation, g C/m²/yr.

Sheet R1. Reference
A1: REFERENCE TABLES
A3: VON POST HUMIFICATION SCALE
A4: Squeeze a handful of wet peat and watch what comes out between your fingers. Subjective, rapid, and the standard field descriptor of how decomposed peat is. Stanek & Silc (1977); Malterer et al. (1992).
A5: Class | B5: Degree of decomposition | C5: What you see when you squeeze it
A6: H1 | B6: Completely undecomposed | C6: Clear, colourless water squeezes out. Plant remains easily identifiable.
A7: H2 | B7: Almost undecomposed | C7: Clear, yellowish water. Plant remains still identifiable.
A8: H3 | B8: Very weakly decomposed | C8: Slightly turbid brown water. No peat escapes between the fingers.
A9: H4 | B9: Weakly decomposed | C9: Strongly turbid brown water. No peat escapes. Residue mushy.
A10: H5 | B10: Moderately decomposed | C10: Very turbid water with a little peat escaping. Plant structure evident but indistinct.
A11: H6 | B11: Fairly well decomposed | C11: About one third of the peat escapes between the fingers. Residue very mushy.
A12: H7 | B12: Strongly decomposed | C12: About half escapes. Plant structure barely discernible.
A13: H8 | B13: Very strongly decomposed | C13: About two thirds escapes. Only resistant remains, such as roots and fibres, left.
A14: H9 | B14: Almost completely decomposed | C14: Nearly all escapes as a fairly uniform paste.
A15: H10 | B15: Completely decomposed | C15: All the peat escapes between the fingers. No free water visible.
A16: H1–H3 is fibric peat (Oi); H4–H6 hemic, or mucky peat (Oe); H7–H10 sapric, or muck (Oa). Carbon content per unit mass falls as decomposition advances, while bulk density rises.
A19: WETLAND TYPES
A20: Type | B20: Water source | C20: Notes
A21: Bog | B21: Ombrotrophic — rain and snow only | C21: Acidic, nutrient-poor. Sphagnum, ericaceous shrubs, stunted black spruce.
A22: Fen | B22: Minerotrophic — groundwater carrying minerals | C22: Less acidic. Sedges, brown mosses, tamarack.
A23: Swamp | B23: Variable; standing or moving water | C23: At least 25% tree cover. Organic depth shallow to very deep. Measure trees too.
A24: Marsh | B24: Standing or slowly moving surface water | C24: Emergent herbaceous vegetation. Often mineral, not peat.
A25: Other | C25: Describe it in the notes.
A28: PUBLISHED ORGANIC-MATTER → CARBON CONVERSION FACTORS
A29: The factor is NOT universal. Bansal et al. (2023) recommend determining a local SOM:SOC ratio on a subset of samples run through BOTH loss-on-ignition and a CHN elemental analyser, and publishing the relationship. The workbook's default is the peat guide's 0.5; change it on '7. Settings' once you have your own.
A30: Factor | B30: Source | C30: System
A31: 0.5 | B31: This workshop / WWF peat guide | C31: Peat organic matter taken as 50% carbon. The default here.
A32: 0.58 | B32: van Bemmelen (historical) | C32: Long-standing general factor. Pribyl (2010) considers it too high for many soils.
A33: 0.53 | B33: Braun et al. (2020) | C33: Freshwater coastal wetlands, Lake Michigan.
A34: 0.52 | B34: Ouyang & Lee (2020) | C34: Salt marsh.
A35: 0.47 | B35: Baustian et al. (2017) | C35: All Louisiana soils.
A36: 0.43 | B36: Fourqurean et al. (2012) | C36: Global seagrass sediments.
A37: 0.21 | B37: Ouyang & Lee (2020) | C37: Mangrove — the low end, and a warning against assuming a universal factor.
A38: 0.4–0.6 | B38: Craft et al. (1991) | C38: 0.4–0.6 depending on organic matter content and soil age, North Carolina salt marsh.

Sheet 8. Outputs
A1: PART 1 FIELD BASED OUTPUTS
A2: Soil organic carbon only. | B2: 0–30 cm is the common comparison depth. | D2: Sampled totals cover different depths. | F2: Figures refresh after running step 06. | K2: 0–30 cm calculation detail linked to input rows
A4: Core ID | B4: Group | C4: Sampled depth (cm) | D4: 0–30 cm (kg C/m²) | E4: 0–30 cm (t C/ha) | F4: Sampled profile (kg C/m²) | G4: Complete 0–100 cm (kg C/m²) | H4: Complete to 100 cm? | K4: Core ID | L4: Top cm | M4: Bottom cm | N4: BD g/cm³ | O4: Organic C % | P4: Overlap cm | Q4: 0–30 cm stock kg C/m²
A5: ='2. Core Log'!A7 -> PM-03-A | B5: Forest cores | C5: ='2. Core Log'!Q7 -> 30.725 | D5: =IF(ABS(SUMIFS($P$5:$P$33,$K$5:$K$33,A5)-30)<0.000001,SUMIFS($Q$5:$Q$33,$K$5:$K$33,A5),"") -> 9.9308542 | E5: =IF(ISNUMBER(D5),D5*10,"") -> 99.308542 | F5: ='2. Core Log'!R7 -> 10.108268 | H5: No | K5: =community_cores_FS!B23 -> FS-02 | L5: =community_cores_FS!E23 -> 20 | M5: =community_cores_FS!F23 -> 30 | N5: =community_cores_FS!J23 -> 1.1030484 | O5: =community_cores_FS!N23 -> 1.5 | P5: =MAX(0,MIN(M5,30)-L5) -> 10 | Q5: =N5*O5/100*P5*10 -> 1.6545726
A6: ='2. Core Log'!A8 -> FS-01 | B6: Forest cores | C6: ='2. Core Log'!Q8 -> 30 | D6: =IF(ABS(SUMIFS($P$5:$P$33,$K$5:$K$33,A6)-30)<0.000001,SUMIFS($Q$5:$Q$33,$K$5:$K$33,A6),"") -> 14.263005 | E6: =IF(ISNUMBER(D6),D6*10,"") -> 142.63005 | F6: ='2. Core Log'!R8 -> 14.263005 | H6: No | K6: =community_cores_FS!B24 -> FS-01 | L6: =community_cores_FS!E24 -> 0 | M6: =community_cores_FS!F24 -> 10 | N6: =community_cores_FS!J24 -> 1.7629047 | O6: =community_cores_FS!N24 -> 3 | P6: =MAX(0,MIN(M6,30)-L6) -> 10 | Q6: =N6*O6/100*P6*10 -> 5.2887141
A7: ='2. Core Log'!A5 -> PM-01-A | B7: Wetland cores | C7: ='2. Core Log'!Q5 -> 14.5 | D7: =IF(ABS(SUMIFS($P$5:$P$33,$K$5:$K$33,A7)-30)<0.000001,SUMIFS($Q$5:$Q$33,$K$5:$K$33,A7),"") | E7: =IF(ISNUMBER(D7),D7*10,"") | F7: ='2. Core Log'!R5 -> 3.0578035 | G7: ='2. Core Log'!S5 -> 3.0578035 | H7: Yes | K7: =community_cores_FS!B25 -> FS-01 | L7: =community_cores_FS!E25 -> 10 | M7: =community_cores_FS!F25 -> 20 | N7: =community_cores_FS!J25 -> 1.5938661 | O7: =community_cores_FS!N25 -> 4.1 | P7: =MAX(0,MIN(M7,30)-L7) -> 10 | Q7: =N7*O7/100*P7*10 -> 6.5348508
A8: ='2. Core Log'!A6 -> PM-02-A | B8: Wetland cores | C8: ='2. Core Log'!Q6 -> 20.7 | D8: =IF(ABS(SUMIFS($P$5:$P$33,$K$5:$K$33,A8)-30)<0.000001,SUMIFS($Q$5:$Q$33,$K$5:$K$33,A8),"") | E8: =IF(ISNUMBER(D8),D8*10,"") | F8: ='2. Core Log'!R6 -> 3.0833445 | G8: ='2. Core Log'!S6 -> 3.0833445 | H8: Yes | K8: =community_cores_FS!B26 -> FS-01 | L8: =community_cores_FS!E26 -> 20 | M8: =community_cores_FS!F26 -> 30 | N8: =community_cores_FS!J26 -> 1.4349645 | O8: =community_cores_FS!N26 -> 1.7 | P8: =MAX(0,MIN(M8,30)-L8) -> 10 | Q8: =N8*O8/100*P8*10 -> 2.4394396
K9: =community_cores_FS!#REF! -> #REF! | L9: =community_cores_FS!#REF! -> #REF! | M9: =community_cores_FS!#REF! -> #REF! | N9: =community_cores_FS!#REF! -> #REF! | O9: =community_cores_FS!#REF! -> #REF! | P9: =MAX(0,MIN(M9,30)-L9) -> #REF! | Q9: =N9*O9/100*P9*10 -> #REF!
K10: =community_cores_FS!#REF! -> #REF! | L10: =community_cores_FS!#REF! -> #REF! | M10: =community_cores_FS!#REF! -> #REF! | N10: =community_cores_FS!#REF! -> #REF! | O10: =community_cores_FS!#REF! -> #REF! | P10: =MAX(0,MIN(M10,30)-L10) -> #REF! | Q10: =N10*O10/100*P10*10 -> #REF!
A11: DESCRIPTIVE STATISTICS AT 0–30 CM | K11: =community_cores_FS!#REF! -> #REF! | L11: =community_cores_FS!#REF! -> #REF! | M11: =community_cores_FS!#REF! -> #REF! | N11: =community_cores_FS!#REF! -> #REF! | O11: =community_cores_FS!#REF! -> #REF! | P11: =MAX(0,MIN(M11,30)-L11) -> #REF! | Q11: =N11*O11/100*P11*10 -> #REF!
A12: SD: sample standard deviation. | B12: CV = SD / mean. | D12: Sample summaries only. | F12: No AOI estimates or intervals. | K12: =community_cores_FS!#REF! -> #REF! | L12: =community_cores_FS!#REF! -> #REF! | M12: =community_cores_FS!#REF! -> #REF! | N12: =community_cores_FS!#REF! -> #REF! | O12: =community_cores_FS!#REF! -> #REF! | P12: =MAX(0,MIN(M12,30)-L12) -> #REF! | Q12: =N12*O12/100*P12*10 -> #REF!
K13: =community_cores_FS!#REF! -> #REF! | L13: =community_cores_FS!#REF! -> #REF! | M13: =community_cores_FS!#REF! -> #REF! | N13: =community_cores_FS!#REF! -> #REF! | O13: =community_cores_FS!#REF! -> #REF! | P13: =MAX(0,MIN(M13,30)-L13) -> #REF! | Q13: =N13*O13/100*P13*10 -> #REF!
A14: Group | B14: Number of cores | C14: Mean kg C/m² | D14: Sample SD kg C/m² | E14: CV | F14: Mean t C/ha | K14: =community_cores_FS!#REF! -> #REF! | L14: =community_cores_FS!#REF! -> #REF! | M14: =community_cores_FS!#REF! -> #REF! | N14: =community_cores_FS!#REF! -> #REF! | O14: =community_cores_FS!#REF! -> #REF! | P14: =MAX(0,MIN(M14,30)-L14) -> #REF! | Q14: =N14*O14/100*P14*10 -> #REF!
A15: Forest cores | B15: =COUNT(D5,D6) -> 2 | C15: =IF(B15>0,AVERAGE(D5,D6),"") -> 12.096929 | D15: =IF(B15>1,STDEV(D5,D6),"") -> 3.0632929 | E15: =IF(AND(ISNUMBER(D15),C15<>0),D15/C15,"") -> 0.25322897 | F15: =IF(ISNUMBER(C15),C15*10,"") -> 120.96929 | K15: =community_cores_FS!#REF! -> #REF! | L15: =community_cores_FS!#REF! -> #REF! | M15: =community_cores_FS!#REF! -> #REF! | N15: =community_cores_FS!#REF! -> #REF! | O15: =community_cores_FS!#REF! -> #REF! | P15: =MAX(0,MIN(M15,30)-L15) -> #REF! | Q15: =N15*O15/100*P15*10 -> #REF!
A16: Wetland cores | B16: =COUNT(D7,D8) -> 0 | C16: =IF(B16>0,AVERAGE(D7,D8),"") | D16: =IF(B16>1,STDEV(D7,D8),"") | E16: =IF(AND(ISNUMBER(D16),C16<>0),D16/C16,"") | F16: =IF(ISNUMBER(C16),C16*10,"") | K16: =community_cores_FS!B5 -> PM-01-A | L16: =community_cores_FS!E5 -> 0 | M16: =community_cores_FS!F5 -> 14.5 | N16: =community_cores_FS!J5 -> 0.0929 | O16: =community_cores_FS!N5 -> 22.7 | P16: =MAX(0,MIN(M16,30)-L16) -> 14.5 | Q16: =N16*O16/100*P16*10 -> 3.0578035
K17: =community_cores_FS!B6 -> PM-02-A | L17: =community_cores_FS!E6 -> 0 | M17: =community_cores_FS!F6 -> 15.2 | N17: =community_cores_FS!J6 -> 0.0827 | O17: =community_cores_FS!N6 -> 22.7 | P17: =MAX(0,MIN(M17,30)-L17) -> 15.2 | Q17: =N17*O17/100*P17*10 -> 2.8534808
K18: =community_cores_FS!B7 -> PM-02-A | L18: =community_cores_FS!E7 -> 15.2 | M18: =community_cores_FS!F7 -> 20.7 | N18: =community_cores_FS!J7 -> 0.2662 | O18: =community_cores_FS!N7 -> 1.57 | P18: =MAX(0,MIN(M18,30)-L18) -> 5.5 | Q18: =N18*O18/100*P18*10 -> 0.2298637
K19: =community_cores_FS!B8 -> PM-03-A | L19: =community_cores_FS!E8 -> 0 | M19: =community_cores_FS!F8 -> 8.625 | N19: =community_cores_FS!J8 -> 0.0501 | O19: =community_cores_FS!N8 -> 36.5 | P19: =MAX(0,MIN(M19,30)-L19) -> 8.625 | Q19: =N19*O19/100*P19*10 -> 1.5772106
K20: =community_cores_FS!B9 -> PM-03-A | L20: =community_cores_FS!E9 -> 8.625 | M20: =community_cores_FS!F9 -> 17.725 | N20: =community_cores_FS!J9 -> 0.0759 | O20: =community_cores_FS!N9 -> 42.4 | P20: =MAX(0,MIN(M20,30)-L20) -> 9.1 | Q20: =N20*O20/100*P20*10 -> 2.9285256
K21: =community_cores_FS!B10 -> PM-03-A | L21: =community_cores_FS!E10 -> 17.725 | M21: =community_cores_FS!F10 -> 25.225 | N21: =community_cores_FS!J10 -> 0.1459 | O21: =community_cores_FS!N10 -> 38.9 | P21: =MAX(0,MIN(M21,30)-L21) -> 7.5 | Q21: =N21*O21/100*P21*10 -> 4.2566325
K22: =community_cores_FS!B11 -> PM-03-A | L22: =community_cores_FS!E11 -> 25.225 | M22: =community_cores_FS!F11 -> 30.725 | N22: =community_cores_FS!J11 -> 0.2287 | O22: =community_cores_FS!N11 -> 10.7 | P22: =MAX(0,MIN(M22,30)-L22) -> 4.775 | Q22: =N22*O22/100*P22*10 -> 1.1684855
K23: =community_cores_FS!B12 -> FS-05 | L23: =community_cores_FS!E12 -> 0 | M23: =community_cores_FS!F12 -> 10 | N23: =community_cores_FS!J12 -> 0.27948308 | O23: =community_cores_FS!N12 -> 8.6 | P23: =MAX(0,MIN(M23,30)-L23) -> 10 | Q23: =N23*O23/100*P23*10 -> 2.4035545
K24: =community_cores_FS!B13 -> FS-05 | L24: =community_cores_FS!E13 -> 10 | M24: =community_cores_FS!F13 -> 20 | N24: =community_cores_FS!J13 -> 2.0365201 | O24: =community_cores_FS!N13 -> 1.1 | P24: =MAX(0,MIN(M24,30)-L24) -> 10 | Q24: =N24*O24/100*P24*10 -> 2.2401721
K25: =community_cores_FS!B14 -> FS-05 | L25: =community_cores_FS!E14 -> 20 | M25: =community_cores_FS!F14 -> 30 | N25: =community_cores_FS!J14 -> 1.6241369 | O25: =community_cores_FS!N14 -> 0.9 | P25: =MAX(0,MIN(M25,30)-L25) -> 10 | Q25: =N25*O25/100*P25*10 -> 1.4617232
K26: =community_cores_FS!B15 -> FS-04 | L26: =community_cores_FS!E15 -> 0 | M26: =community_cores_FS!F15 -> 10 | N26: =community_cores_FS!J15 -> 1.974657 | O26: =community_cores_FS!N15 -> 3.1 | P26: =MAX(0,MIN(M26,30)-L26) -> 10 | Q26: =N26*O26/100*P26*10 -> 6.1214368
K27: =community_cores_FS!B16 -> FS-04 | L27: =community_cores_FS!E16 -> 10 | M27: =community_cores_FS!F16 -> 20 | N27: =community_cores_FS!J16 -> 0.99685946 | O27: =community_cores_FS!N16 -> 1.8 | P27: =MAX(0,MIN(M27,30)-L27) -> 10 | Q27: =N27*O27/100*P27*10 -> 1.794347
K28: =community_cores_FS!B17 -> FS-04 | L28: =community_cores_FS!E17 -> 20 | M28: =community_cores_FS!F17 -> 30 | N28: =community_cores_FS!J17 -> 1.0537351 | O28: =community_cores_FS!N17 -> 0.8 | P28: =MAX(0,MIN(M28,30)-L28) -> 10 | Q28: =N28*O28/100*P28*10 -> 0.84298811
... K33: =community_cores_FS!B22 -> FS-02 | L33: =community_cores_FS!E22 -> 10 | M33: =community_cores_FS!F22 -> 20 | N33: =community_cores_FS!J22 -> 1.497014 | O33: =community_cores_FS!N22 -> 1.9 | P33: =MAX(0,MIN(M33,30)-L33) -> 10 | Q33: =N33*O33/100*P33*10 -> 2.8443267
